Time,Anger,Sad,Disgust,Happy,Scared,Neutral
1.48,0.0,0,1.0,0.0,0,0
1.49,0.0,0,1.0,0.0,0,0
1.5,0.0,0,1.0,0.0,0,0
1.51,0.0,0,1.0,0.0,0,0
1.52,0.0,0,1.0,0.0,0,0
1.53,0.0,0,1.0,0.0,0,0
1.54,0.0,0,1.0,0.0,0,0
1.55,0.0,0,1.0,0.0,0,0
1.56,0.0,0,1.0,0.0,0,0
1.57,0.0,0,1.0,0.0,0,0
1.58,0.0,0,1.0,0.0,0,0
1.59,0.0,0,1.0,0.0,0,0
1.6,0.0,0,1.0,0.0,0,0
1.61,0.0,0,1.0,0.0,0,0
1.62,0.0,0,1.0,0.0,0,0
1.63,0.0,0,1.0,0.0,0,0
1.64,0.0,0,1.0,0.0,0,0
1.65,0.0,0,1.0,0.0,0,0
1.66,0.0,0,1.0,0.0,0,0
1.67,0.0,0,1.0,0.0,0,0
1.68,0.0,0,1.0,0.0,0,0
1.69,0.0,0,1.0,0.0,0,0
1.7,0.0,0,1.0,0.0,0,0
1.71,0.0,0,1.0,0.0,0,0
1.72,0.0,0,1.0,0.0,0,0
1.73,0.0,0,1.0,0.0,0,0
1.74,0.0,0,1.0,0.0,0,0
1.75,0.0,0,1.0,0.0,0,0
1.76,0.0,0,1.0,0.0,0,0
1.77,0.0,0,1.0,0.0,0,0
1.78,0.0,0,1.0,0.0,0,0
1.79,0.0,0,1.0,0.0,0,0
1.8,0.0,0,1.0,0.0,0,0
1.81,0.0,0,1.0,0.0,0,0
1.82,0.0,0,1.0,0.0,0,0
1.83,0.0,0,1.0,0.0,0,0
1.84,0.0,0,1.0,0.0,0,0
1.85,0.0,0,1.0,0.0,0,0
1.86,0.0,0,1.0,0.0,0,0
1.87,0.0,0,1.0,0.0,0,0
1.88,0.0,0,1.0,0.0,0,0
1.89,0.0,0,1.0,0.0,0,0
1.9,0.0,0,1.0,0.0,0,0
1.91,0.0,0,1.0,0.0,0,0
1.92,0.0,0,1.0,0.0,0,0
1.93,0.0,0,1.0,0.0,0,0
1.94,0.0,0,1.0,0.0,0,0
1.95,0.0,0,1.0,0.0,0,0
1.96,0.0,0,1.0,0.0,0,0
1.97,0.0,0,1.0,0.0,0,0
1.98,0.0,0,1.0,0.0,0,0
1.99,0.0,0,1.0,0.0,0,0
2.0,0.0,0,1.0,0.0,0,0
2.01,0.0,0,1.0,0.0,0,0
2.02,0.0,0,1.0,0.0,0,0
2.03,0.0,0,1.0,0.0,0,0
2.04,0.0,0,1.0,0.0,0,0
2.05,0.0,0,1.0,0.0,0,0
2.06,0.0,0,1.0,0.0,0,0
2.07,0.0,0,1.0,0.0,0,0
2.08,0.0,0,1.0,0.0,0,0
2.09,0.0,0,1.0,0.0,0,0
2.1,0.0,0,1.0,0.0,0,0
2.11,0.0,0,1.0,0.0,0,0
2.12,0.0,0,1.0,0.0,0,0
2.13,0.0,0,1.0,0.0,0,0
2.14,0.0,0,1.0,0.0,0,0
2.15,0.0,0,1.0,0.0,0,0
2.16,0.0,0,1.0,0.0,0,0
2.17,0.0,0,1.0,0.0,0,0
2.18,0.0,0,1.0,0.0,0,0
2.19,0.0,0,1.0,0.0,0,0
2.2,0.0,0,1.0,0.0,0,0
2.21,0.0,0,1.0,0.0,0,0
2.22,0.0,0,1.0,0.0,0,0
2.23,0.0,0,1.0,0.0,0,0
2.24,0.0,0,1.0,0.0,0,0
2.25,0.0,0,1.0,0.0,0,0
2.26,0.0,0,1.0,0.0,0,0
2.27,0.0,0,1.0,0.0,0,0
2.28,0.0,0,1.0,0.0,0,0
2.29,0.0,0,1.0,0.0,0,0
2.3,0.0,0,1.0,0.0,0,0
2.31,0.0,0,1.0,0.0,0,0
2.32,0.0,0,1.0,0.0,0,0
2.33,0.0,0,1.0,0.0,0,0
2.34,0.0,0,1.0,0.0,0,0
2.35,0.0,0,1.0,0.0,0,0
2.36,0.0,0,1.0,0.0,0,0
2.37,0.0,0,1.0,0.0,0,0
2.38,0.0,0,1.0,0.0,0,0
2.39,0.0,0,1.0,0.0,0,0
2.4,0.0,0,1.0,0.0,0,0
2.41,0.0,0,1.0,0.0,0,0
2.42,0.0,0,1.0,0.0,0,0
2.43,0.0,0,1.0,0.0,0,0
2.44,0.0,0,1.0,0.0,0,0
2.45,0.0,0,1.0,0.0,0,0
2.46,0.0,0,1.0,0.0,0,0
2.47,0.0,0,1.0,0.0,0,0
2.48,0.0,0,1.0,0.0,0,0
2.49,0.0,0,1.0,0.0,0,0
2.5,0.0,0,1.0,0.0,0,0
2.51,0.0,0,1.0,0.0,0,0
2.52,0.0,0,1.0,0.0,0,0
2.53,0.0,0,1.0,0.0,0,0
2.54,0.0,0,1.0,0.0,0,0
2.55,0.0,0,1.0,0.0,0,0
2.56,0.0,0,1.0,0.0,0,0
2.57,0.0,0,1.0,0.0,0,0
2.58,0.0,0,1.0,0.0,0,0
2.59,0.0,0,1.0,0.0,0,0
2.6,0.0,0,1.0,0.0,0,0
2.61,0.0,0,1.0,0.0,0,0
2.62,0.0,0,1.0,0.0,0,0
2.63,0.0,0,1.0,0.0,0,0
2.64,0.0,0,1.0,0.0,0,0
2.65,0.0,0,1.0,0.0,0,0
2.66,0.0,0,1.0,0.0,0,0
2.67,0.0,0,1.0,0.0,0,0
2.68,0.0,0,1.0,0.0,0,0
2.69,0.0,0,1.0,0.0,0,0
2.7,0.0,0,1.0,0.0,0,0
2.71,0.0,0,1.0,0.0,0,0
2.72,0.0,0,1.0,0.0,0,0
2.73,0.0,0,1.0,0.0,0,0
2.74,0.0,0,1.0,0.0,0,0
2.75,0.0,0,1.0,0.0,0,0
2.76,0.0,0,1.0,0.0,0,0
2.77,0.0,0,1.0,0.0,0,0
2.78,0.0,0,1.0,0.0,0,0
2.79,0.0,0,1.0,0.0,0,0
2.8,0.0,0,1.0,0.0,0,0
2.81,0.0,0,1.0,0.0,0,0
2.82,0.0,0,1.0,0.0,0,0
2.83,0.0,0,1.0,0.0,0,0
2.84,0.0,0,1.0,0.0,0,0
2.85,0.0,0,1.0,0.0,0,0
2.86,0.0,0,1.0,0.0,0,0
2.87,0.0,0,1.0,0.0,0,0
2.88,0.0,0,1.0,0.0,0,0
2.89,0.0,0,1.0,0.0,0,0
2.9,0.0,0,1.0,0.0,0,0
2.91,1.0,0,0.0,0.0,0,0
2.92,1.0,0,0.0,0.0,0,0
2.93,1.0,0,0.0,0.0,0,0
2.94,1.0,0,0.0,0.0,0,0
2.95,1.0,0,0.0,0.0,0,0
2.96,1.0,0,0.0,0.0,0,0
2.97,1.0,0,0.0,0.0,0,0
2.98,1.0,0,0.0,0.0,0,0
2.99,1.0,0,0.0,0.0,0,0
3.0,1.0,0,0.0,0.0,0,0
3.01,1.0,0,0.0,0.0,0,0
3.02,1.0,0,0.0,0.0,0,0
3.03,1.0,0,0.0,0.0,0,0
3.04,1.0,0,0.0,0.0,0,0
3.05,1.0,0,0.0,0.0,0,0
3.06,1.0,0,0.0,0.0,0,0
3.07,1.0,0,0.0,0.0,0,0
3.08,1.0,0,0.0,0.0,0,0
3.09,1.0,0,0.0,0.0,0,0
3.1,1.0,0,0.0,0.0,0,0
3.11,1.0,0,0.0,0.0,0,0
3.12,1.0,0,0.0,0.0,0,0
3.13,1.0,0,0.0,0.0,0,0
3.14,1.0,0,0.0,0.0,0,0
3.15,1.0,0,0.0,0.0,0,0
3.16,1.0,0,0.0,0.0,0,0
3.17,1.0,0,0.0,0.0,0,0
3.18,1.0,0,0.0,0.0,0,0
3.19,1.0,0,0.0,0.0,0,0
3.2,1.0,0,0.0,0.0,0,0
3.21,1.0,0,0.0,0.0,0,0
3.22,1.0,0,0.0,0.0,0,0
3.23,1.0,0,0.0,0.0,0,0
3.24,1.0,0,0.0,0.0,0,0
3.25,1.0,0,0.0,0.0,0,0
3.26,1.0,0,0.0,0.0,0,0
3.27,1.0,0,0.0,0.0,0,0
3.28,1.0,0,0.0,0.0,0,0
3.29,1.0,0,0.0,0.0,0,0
3.3,1.0,0,0.0,0.0,0,0
3.31,1.0,0,0.0,0.0,0,0
3.32,1.0,0,0.0,0.0,0,0
3.33,1.0,0,0.0,0.0,0,0
3.34,1.0,0,0.0,0.0,0,0
3.35,1.0,0,0.0,0.0,0,0
3.36,1.0,0,0.0,0.0,0,0
3.37,1.0,0,0.0,0.0,0,0
3.38,1.0,0,0.0,0.0,0,0
3.39,1.0,0,0.0,0.0,0,0
3.4,1.0,0,0.0,0.0,0,0
3.41,1.0,0,0.0,0.0,0,0
3.42,1.0,0,0.0,0.0,0,0
3.43,1.0,0,0.0,0.0,0,0
3.44,1.0,0,0.0,0.0,0,0
3.45,1.0,0,0.0,0.0,0,0
3.46,1.0,0,0.0,0.0,0,0
3.47,1.0,0,0.0,0.0,0,0
3.48,1.0,0,0.0,0.0,0,0
3.49,1.0,0,0.0,0.0,0,0
3.5,1.0,0,0.0,0.0,0,0
3.51,1.0,0,0.0,0.0,0,0
3.52,1.0,0,0.0,0.0,0,0
3.53,1.0,0,0.0,0.0,0,0
3.54,1.0,0,0.0,0.0,0,0
3.55,1.0,0,0.0,0.0,0,0
3.56,1.0,0,0.0,0.0,0,0
3.57,1.0,0,0.0,0.0,0,0
3.58,1.0,0,0.0,0.0,0,0
3.59,1.0,0,0.0,0.0,0,0
3.6,1.0,0,0.0,0.0,0,0
3.61,1.0,0,0.0,0.0,0,0
3.62,1.0,0,0.0,0.0,0,0
3.63,1.0,0,0.0,0.0,0,0
3.64,1.0,0,0.0,0.0,0,0
3.65,1.0,0,0.0,0.0,0,0
3.66,1.0,0,0.0,0.0,0,0
3.67,1.0,0,0.0,0.0,0,0
3.68,1.0,0,0.0,0.0,0,0
3.69,1.0,0,0.0,0.0,0,0
3.7,1.0,0,0.0,0.0,0,0
3.71,1.0,0,0.0,0.0,0,0
3.72,1.0,0,0.0,0.0,0,0
3.73,1.0,0,0.0,0.0,0,0
3.74,1.0,0,0.0,0.0,0,0
3.75,1.0,0,0.0,0.0,0,0
3.76,1.0,0,0.0,0.0,0,0
3.77,1.0,0,0.0,0.0,0,0
3.78,1.0,0,0.0,0.0,0,0
3.79,1.0,0,0.0,0.0,0,0
3.8,1.0,0,0.0,0.0,0,0
3.81,1.0,0,0.0,0.0,0,0
3.82,1.0,0,0.0,0.0,0,0
3.83,1.0,0,0.0,0.0,0,0
3.84,1.0,0,0.0,0.0,0,0
3.85,1.0,0,0.0,0.0,0,0
3.86,1.0,0,0.0,0.0,0,0
3.87,1.0,0,0.0,0.0,0,0
3.88,1.0,0,0.0,0.0,0,0
3.89,1.0,0,0.0,0.0,0,0
3.9,1.0,0,0.0,0.0,0,0
3.91,1.0,0,0.0,0.0,0,0
3.92,1.0,0,0.0,0.0,0,0
3.93,1.0,0,0.0,0.0,0,0
3.94,1.0,0,0.0,0.0,0,0
3.95,1.0,0,0.0,0.0,0,0
3.96,1.0,0,0.0,0.0,0,0
3.97,1.0,0,0.0,0.0,0,0
3.98,1.0,0,0.0,0.0,0,0
3.99,1.0,0,0.0,0.0,0,0
4.0,1.0,0,0.0,0.0,0,0
4.01,1.0,0,0.0,0.0,0,0
4.02,1.0,0,0.0,0.0,0,0
4.03,1.0,0,0.0,0.0,0,0
4.04,1.0,0,0.0,0.0,0,0
4.05,1.0,0,0.0,0.0,0,0
4.06,1.0,0,0.0,0.0,0,0
4.07,1.0,0,0.0,0.0,0,0
4.08,1.0,0,0.0,0.0,0,0
4.09,1.0,0,0.0,0.0,0,0
4.1,1.0,0,0.0,0.0,0,0
4.11,1.0,0,0.0,0.0,0,0
4.12,1.0,0,0.0,0.0,0,0
4.13,1.0,0,0.0,0.0,0,0
4.14,1.0,0,0.0,0.0,0,0
4.15,1.0,0,0.0,0.0,0,0
4.16,1.0,0,0.0,0.0,0,0
4.17,1.0,0,0.0,0.0,0,0
4.18,1.0,0,0.0,0.0,0,0
4.19,1.0,0,0.0,0.0,0,0
4.2,1.0,0,0.0,0.0,0,0
4.21,1.0,0,0.0,0.0,0,0
4.22,1.0,0,0.0,0.0,0,0
4.23,1.0,0,0.0,0.0,0,0
4.24,1.0,0,0.0,0.0,0,0
4.25,1.0,0,0.0,0.0,0,0
4.26,1.0,0,0.0,0.0,0,0
4.27,1.0,0,0.0,0.0,0,0
4.28,1.0,0,0.0,0.0,0,0
4.29,1.0,0,0.0,0.0,0,0
4.3,1.0,0,0.0,0.0,0,0
4.31,1.0,0,0.0,0.0,0,0
4.32,1.0,0,0.0,0.0,0,0
4.33,1.0,0,0.0,0.0,0,0
4.34,1.0,0,0.0,0.0,0,0
4.35,1.0,0,0.0,0.0,0,0
4.36,1.0,0,0.0,0.0,0,0
4.37,1.0,0,0.0,0.0,0,0
4.38,1.0,0,0.0,0.0,0,0
4.39,1.0,0,0.0,0.0,0,0
4.4,1.0,0,0.0,0.0,0,0
4.41,1.0,0,0.0,0.0,0,0
4.42,1.0,0,0.0,0.0,0,0
4.43,1.0,0,0.0,0.0,0,0
4.44,1.0,0,0.0,0.0,0,0
4.45,1.0,0,0.0,0.0,0,0
4.46,1.0,0,0.0,0.0,0,0
4.47,1.0,0,0.0,0.0,0,0
4.48,1.0,0,0.0,0.0,0,0
4.49,1.0,0,0.0,0.0,0,0
4.5,1.0,0,0.0,0.0,0,0
4.51,1.0,0,0.0,0.0,0,0
4.52,1.0,0,0.0,0.0,0,0
4.53,1.0,0,0.0,0.0,0,0
4.54,1.0,0,0.0,0.0,0,0
4.55,1.0,0,0.0,0.0,0,0
4.56,1.0,0,0.0,0.0,0,0
4.57,1.0,0,0.0,0.0,0,0
4.58,1.0,0,0.0,0.0,0,0
4.59,1.0,0,0.0,0.0,0,0
4.6,1.0,0,0.0,0.0,0,0
4.61,1.0,0,0.0,0.0,0,0
4.62,1.0,0,0.0,0.0,0,0
4.63,1.0,0,0.0,0.0,0,0
4.64,1.0,0,0.0,0.0,0,0
4.65,1.0,0,0.0,0.0,0,0
4.66,1.0,0,0.0,0.0,0,0
4.67,1.0,0,0.0,0.0,0,0
4.68,1.0,0,0.0,0.0,0,0
4.69,1.0,0,0.0,0.0,0,0
4.7,1.0,0,0.0,0.0,0,0
4.71,1.0,0,0.0,0.0,0,0
4.72,1.0,0,0.0,0.0,0,0
4.73,1.0,0,0.0,0.0,0,0
4.74,1.0,0,0.0,0.0,0,0
4.75,1.0,0,0.0,0.0,0,0
4.76,1.0,0,0.0,0.0,0,0
4.77,1.0,0,0.0,0.0,0,0
4.78,1.0,0,0.0,0.0,0,0
4.79,1.0,0,0.0,0.0,0,0
4.8,1.0,0,0.0,0.0,0,0
4.81,1.0,0,0.0,0.0,0,0
4.82,1.0,0,0.0,0.0,0,0
4.83,1.0,0,0.0,0.0,0,0
4.84,1.0,0,0.0,0.0,0,0
4.85,1.0,0,0.0,0.0,0,0
4.86,1.0,0,0.0,0.0,0,0
4.87,1.0,0,0.0,0.0,0,0
4.88,1.0,0,0.0,0.0,0,0
4.89,1.0,0,0.0,0.0,0,0
4.9,1.0,0,0.0,0.0,0,0
4.91,1.0,0,0.0,0.0,0,0
4.92,1.0,0,0.0,0.0,0,0
4.93,1.0,0,0.0,0.0,0,0
4.94,1.0,0,0.0,0.0,0,0
4.95,1.0,0,0.0,0.0,0,0
4.96,1.0,0,0.0,0.0,0,0
4.97,1.0,0,0.0,0.0,0,0
4.98,1.0,0,0.0,0.0,0,0
4.99,1.0,0,0.0,0.0,0,0
5.0,1.0,0,0.0,0.0,0,0
5.01,1.0,0,0.0,0.0,0,0
5.02,1.0,0,0.0,0.0,0,0
5.03,1.0,0,0.0,0.0,0,0
5.04,1.0,0,0.0,0.0,0,0
5.05,1.0,0,0.0,0.0,0,0
5.06,1.0,0,0.0,0.0,0,0
5.07,1.0,0,0.0,0.0,0,0
5.08,1.0,0,0.0,0.0,0,0
5.09,1.0,0,0.0,0.0,0,0
5.1,1.0,0,0.0,0.0,0,0
5.11,1.0,0,0.0,0.0,0,0
5.12,1.0,0,0.0,0.0,0,0
5.13,1.0,0,0.0,0.0,0,0
5.14,1.0,0,0.0,0.0,0,0
5.15,1.0,0,0.0,0.0,0,0
5.16,1.0,0,0.0,0.0,0,0
5.17,1.0,0,0.0,0.0,0,0
5.18,1.0,0,0.0,0.0,0,0
5.19,1.0,0,0.0,0.0,0,0
5.2,1.0,0,0.0,0.0,0,0
5.21,1.0,0,0.0,0.0,0,0
5.22,1.0,0,0.0,0.0,0,0
5.23,1.0,0,0.0,0.0,0,0
5.24,1.0,0,0.0,0.0,0,0
5.25,1.0,0,0.0,0.0,0,0
5.26,1.0,0,0.0,0.0,0,0
5.27,1.0,0,0.0,0.0,0,0
5.28,1.0,0,0.0,0.0,0,0
5.29,1.0,0,0.0,0.0,0,0
5.3,1.0,0,0.0,0.0,0,0
5.31,1.0,0,0.0,0.0,0,0
5.32,1.0,0,0.0,0.0,0,0
5.33,1.0,0,0.0,0.0,0,0
5.34,1.0,0,0.0,0.0,0,0
5.35,1.0,0,0.0,0.0,0,0
5.36,1.0,0,0.0,0.0,0,0
5.37,1.0,0,0.0,0.0,0,0
5.38,1.0,0,0.0,0.0,0,0
5.39,1.0,0,0.0,0.0,0,0
5.4,1.0,0,0.0,0.0,0,0
5.41,1.0,0,0.0,0.0,0,0
5.42,1.0,0,0.0,0.0,0,0
5.43,1.0,0,0.0,0.0,0,0
5.44,1.0,0,0.0,0.0,0,0
5.45,1.0,0,0.0,0.0,0,0
5.46,1.0,0,0.0,0.0,0,0
5.47,1.0,0,0.0,0.0,0,0
5.48,1.0,0,0.0,0.0,0,0
5.49,1.0,0,0.0,0.0,0,0
5.5,1.0,0,0.0,0.0,0,0
5.51,1.0,0,0.0,0.0,0,0
5.52,1.0,0,0.0,0.0,0,0
5.53,1.0,0,0.0,0.0,0,0
5.54,1.0,0,0.0,0.0,0,0
5.55,1.0,0,0.0,0.0,0,0
5.56,1.0,0,0.0,0.0,0,0
5.57,1.0,0,0.0,0.0,0,0
5.58,1.0,0,0.0,0.0,0,0
5.59,1.0,0,0.0,0.0,0,0
5.6,1.0,0,0.0,0.0,0,0
5.61,1.0,0,0.0,0.0,0,0
5.62,1.0,0,0.0,0.0,0,0
5.63,1.0,0,0.0,0.0,0,0
5.64,1.0,0,0.0,0.0,0,0
5.65,1.0,0,0.0,0.0,0,0
5.66,1.0,0,0.0,0.0,0,0
5.67,1.0,0,0.0,0.0,0,0
5.68,1.0,0,0.0,0.0,0,0
5.69,1.0,0,0.0,0.0,0,0
5.7,1.0,0,0.0,0.0,0,0
5.71,1.0,0,0.0,0.0,0,0
5.72,1.0,0,0.0,0.0,0,0
5.73,1.0,0,0.0,0.0,0,0
5.74,1.0,0,0.0,0.0,0,0
5.75,1.0,0,0.0,0.0,0,0
5.76,1.0,0,0.0,0.0,0,0
5.77,1.0,0,0.0,0.0,0,0
5.78,1.0,0,0.0,0.0,0,0
5.79,1.0,0,0.0,0.0,0,0
5.8,1.0,0,0.0,0.0,0,0
5.81,1.0,0,0.0,0.0,0,0
5.82,1.0,0,0.0,0.0,0,0
5.83,1.0,0,0.0,0.0,0,0
5.84,1.0,0,0.0,0.0,0,0
5.85,1.0,0,0.0,0.0,0,0
5.86,1.0,0,0.0,0.0,0,0
5.87,1.0,0,0.0,0.0,0,0
5.88,1.0,0,0.0,0.0,0,0
5.89,1.0,0,0.0,0.0,0,0
5.9,1.0,0,0.0,0.0,0,0
5.91,1.0,0,0.0,0.0,0,0
5.92,1.0,0,0.0,0.0,0,0
5.93,1.0,0,0.0,0.0,0,0
5.94,1.0,0,0.0,0.0,0,0
5.95,1.0,0,0.0,0.0,0,0
5.96,1.0,0,0.0,0.0,0,0
5.97,1.0,0,0.0,0.0,0,0
5.98,1.0,0,0.0,0.0,0,0
5.99,1.0,0,0.0,0.0,0,0
6.0,1.0,0,0.0,0.0,0,0
6.01,1.0,0,0.0,0.0,0,0
6.02,1.0,0,0.0,0.0,0,0
6.03,1.0,0,0.0,0.0,0,0
6.04,1.0,0,0.0,0.0,0,0
6.05,1.0,0,0.0,0.0,0,0
6.06,1.0,0,0.0,0.0,0,0
6.07,1.0,0,0.0,0.0,0,0
6.08,1.0,0,0.0,0.0,0,0
6.09,1.0,0,0.0,0.0,0,0
6.1,1.0,0,0.0,0.0,0,0
6.11,1.0,0,0.0,0.0,0,0
6.12,1.0,0,0.0,0.0,0,0
6.13,1.0,0,0.0,0.0,0,0
6.14,1.0,0,0.0,0.0,0,0
6.15,1.0,0,0.0,0.0,0,0
6.16,1.0,0,0.0,0.0,0,0
6.17,1.0,0,0.0,0.0,0,0
6.18,1.0,0,0.0,0.0,0,0
6.19,1.0,0,0.0,0.0,0,0
6.2,1.0,0,0.0,0.0,0,0
6.21,1.0,0,0.0,0.0,0,0
6.22,1.0,0,0.0,0.0,0,0
6.23,1.0,0,0.0,0.0,0,0
6.24,1.0,0,0.0,0.0,0,0
6.25,1.0,0,0.0,0.0,0,0
6.26,1.0,0,0.0,0.0,0,0
6.27,1.0,0,0.0,0.0,0,0
6.28,1.0,0,0.0,0.0,0,0
6.29,1.0,0,0.0,0.0,0,0
6.3,1.0,0,0.0,0.0,0,0
6.31,1.0,0,0.0,0.0,0,0
6.32,1.0,0,0.0,0.0,0,0
6.33,1.0,0,0.0,0.0,0,0
6.34,1.0,0,0.0,0.0,0,0
6.35,1.0,0,0.0,0.0,0,0
6.36,1.0,0,0.0,0.0,0,0
6.37,1.0,0,0.0,0.0,0,0
6.38,1.0,0,0.0,0.0,0,0
6.39,1.0,0,0.0,0.0,0,0
6.4,1.0,0,0.0,0.0,0,0
6.41,1.0,0,0.0,0.0,0,0
6.42,1.0,0,0.0,0.0,0,0
6.43,1.0,0,0.0,0.0,0,0
6.44,1.0,0,0.0,0.0,0,0
6.45,1.0,0,0.0,0.0,0,0
6.46,1.0,0,0.0,0.0,0,0
6.47,1.0,0,0.0,0.0,0,0
6.48,1.0,0,0.0,0.0,0,0
6.49,1.0,0,0.0,0.0,0,0
6.5,1.0,0,0.0,0.0,0,0
6.51,1.0,0,0.0,0.0,0,0
6.52,1.0,0,0.0,0.0,0,0
6.53,1.0,0,0.0,0.0,0,0
6.54,1.0,0,0.0,0.0,0,0
6.55,1.0,0,0.0,0.0,0,0
6.56,1.0,0,0.0,0.0,0,0
6.57,1.0,0,0.0,0.0,0,0
6.58,1.0,0,0.0,0.0,0,0
6.59,1.0,0,0.0,0.0,0,0
6.6,1.0,0,0.0,0.0,0,0
6.61,1.0,0,0.0,0.0,0,0
6.62,1.0,0,0.0,0.0,0,0
6.63,1.0,0,0.0,0.0,0,0
6.64,1.0,0,0.0,0.0,0,0
6.65,1.0,0,0.0,0.0,0,0
6.66,1.0,0,0.0,0.0,0,0
6.67,1.0,0,0.0,0.0,0,0
6.68,1.0,0,0.0,0.0,0,0
6.69,1.0,0,0.0,0.0,0,0
6.7,1.0,0,0.0,0.0,0,0
6.71,1.0,0,0.0,0.0,0,0
6.72,1.0,0,0.0,0.0,0,0
6.73,1.0,0,0.0,0.0,0,0
6.74,1.0,0,0.0,0.0,0,0
6.75,1.0,0,0.0,0.0,0,0
6.76,1.0,0,0.0,0.0,0,0
6.77,1.0,0,0.0,0.0,0,0
6.78,1.0,0,0.0,0.0,0,0
6.79,1.0,0,0.0,0.0,0,0
6.8,1.0,0,0.0,0.0,0,0
6.81,1.0,0,0.0,0.0,0,0
6.82,1.0,0,0.0,0.0,0,0
6.83,1.0,0,0.0,0.0,0,0
6.84,1.0,0,0.0,0.0,0,0
6.85,1.0,0,0.0,0.0,0,0
6.86,1.0,0,0.0,0.0,0,0
6.87,1.0,0,0.0,0.0,0,0
6.88,1.0,0,0.0,0.0,0,0
6.89,1.0,0,0.0,0.0,0,0
6.9,1.0,0,0.0,0.0,0,0
6.91,1.0,0,0.0,0.0,0,0
6.92,1.0,0,0.0,0.0,0,0
6.93,1.0,0,0.0,0.0,0,0
6.94,1.0,0,0.0,0.0,0,0
6.95,1.0,0,0.0,0.0,0,0
6.96,1.0,0,0.0,0.0,0,0
6.97,1.0,0,0.0,0.0,0,0
6.98,1.0,0,0.0,0.0,0,0
6.99,1.0,0,0.0,0.0,0,0
7.0,1.0,0,0.0,0.0,0,0
7.01,1.0,0,0.0,0.0,0,0
7.02,1.0,0,0.0,0.0,0,0
7.03,1.0,0,0.0,0.0,0,0
7.04,1.0,0,0.0,0.0,0,0
7.05,1.0,0,0.0,0.0,0,0
7.06,1.0,0,0.0,0.0,0,0
7.07,1.0,0,0.0,0.0,0,0
7.08,1.0,0,0.0,0.0,0,0
7.09,1.0,0,0.0,0.0,0,0
7.1,1.0,0,0.0,0.0,0,0
7.11,1.0,0,0.0,0.0,0,0
7.12,1.0,0,0.0,0.0,0,0
7.13,1.0,0,0.0,0.0,0,0
7.14,1.0,0,0.0,0.0,0,0
7.15,1.0,0,0.0,0.0,0,0
7.16,1.0,0,0.0,0.0,0,0
7.17,1.0,0,0.0,0.0,0,0
7.18,1.0,0,0.0,0.0,0,0
7.19,1.0,0,0.0,0.0,0,0
7.2,1.0,0,0.0,0.0,0,0
7.21,1.0,0,0.0,0.0,0,0
7.22,1.0,0,0.0,0.0,0,0
7.23,1.0,0,0.0,0.0,0,0
7.24,1.0,0,0.0,0.0,0,0
7.25,1.0,0,0.0,0.0,0,0
7.26,1.0,0,0.0,0.0,0,0
7.27,1.0,0,0.0,0.0,0,0
7.28,1.0,0,0.0,0.0,0,0
7.29,1.0,0,0.0,0.0,0,0
7.3,1.0,0,0.0,0.0,0,0
7.31,1.0,0,0.0,0.0,0,0
7.32,1.0,0,0.0,0.0,0,0
7.33,1.0,0,0.0,0.0,0,0
7.34,1.0,0,0.0,0.0,0,0
7.35,1.0,0,0.0,0.0,0,0
7.36,1.0,0,0.0,0.0,0,0
7.37,1.0,0,0.0,0.0,0,0
7.38,1.0,0,0.0,0.0,0,0
7.39,1.0,0,0.0,0.0,0,0
7.4,1.0,0,0.0,0.0,0,0
7.41,1.0,0,0.0,0.0,0,0
7.42,1.0,0,0.0,0.0,0,0
7.43,1.0,0,0.0,0.0,0,0
7.44,1.0,0,0.0,0.0,0,0
7.45,1.0,0,0.0,0.0,0,0
7.46,1.0,0,0.0,0.0,0,0
7.47,1.0,0,0.0,0.0,0,0
7.48,1.0,0,0.0,0.0,0,0
7.49,1.0,0,0.0,0.0,0,0
7.5,1.0,0,0.0,0.0,0,0
7.51,1.0,0,0.0,0.0,0,0
7.52,1.0,0,0.0,0.0,0,0
7.53,1.0,0,0.0,0.0,0,0
7.54,1.0,0,0.0,0.0,0,0
7.55,1.0,0,0.0,0.0,0,0
7.56,1.0,0,0.0,0.0,0,0
7.57,1.0,0,0.0,0.0,0,0
7.58,1.0,0,0.0,0.0,0,0
7.59,1.0,0,0.0,0.0,0,0
7.6,1.0,0,0.0,0.0,0,0
7.61,1.0,0,0.0,0.0,0,0
7.62,1.0,0,0.0,0.0,0,0
7.63,1.0,0,0.0,0.0,0,0
7.64,1.0,0,0.0,0.0,0,0
7.65,1.0,0,0.0,0.0,0,0
7.66,1.0,0,0.0,0.0,0,0
7.67,1.0,0,0.0,0.0,0,0
7.68,1.0,0,0.0,0.0,0,0
7.69,1.0,0,0.0,0.0,0,0
7.7,1.0,0,0.0,0.0,0,0
7.71,1.0,0,0.0,0.0,0,0
7.72,1.0,0,0.0,0.0,0,0
7.73,1.0,0,0.0,0.0,0,0
7.74,1.0,0,0.0,0.0,0,0
7.75,1.0,0,0.0,0.0,0,0
7.76,1.0,0,0.0,0.0,0,0
7.77,1.0,0,0.0,0.0,0,0
7.78,1.0,0,0.0,0.0,0,0
7.79,1.0,0,0.0,0.0,0,0
7.8,1.0,0,0.0,0.0,0,0
7.81,1.0,0,0.0,0.0,0,0
7.82,1.0,0,0.0,0.0,0,0
7.83,1.0,0,0.0,0.0,0,0
7.84,1.0,0,0.0,0.0,0,0
7.85,1.0,0,0.0,0.0,0,0
7.86,1.0,0,0.0,0.0,0,0
7.87,1.0,0,0.0,0.0,0,0
7.88,1.0,0,0.0,0.0,0,0
7.89,1.0,0,0.0,0.0,0,0
7.9,1.0,0,0.0,0.0,0,0
7.91,1.0,0,0.0,0.0,0,0
7.92,1.0,0,0.0,0.0,0,0
7.93,1.0,0,0.0,0.0,0,0
7.94,1.0,0,0.0,0.0,0,0
7.95,1.0,0,0.0,0.0,0,0
7.96,1.0,0,0.0,0.0,0,0
7.97,1.0,0,0.0,0.0,0,0
7.98,1.0,0,0.0,0.0,0,0
7.99,1.0,0,0.0,0.0,0,0
8.0,1.0,0,0.0,0.0,0,0
8.01,1.0,0,0.0,0.0,0,0
8.02,1.0,0,0.0,0.0,0,0
8.03,1.0,0,0.0,0.0,0,0
8.04,1.0,0,0.0,0.0,0,0
8.05,1.0,0,0.0,0.0,0,0
8.06,1.0,0,0.0,0.0,0,0
8.07,1.0,0,0.0,0.0,0,0
8.08,1.0,0,0.0,0.0,0,0
8.09,1.0,0,0.0,0.0,0,0
8.1,1.0,0,0.0,0.0,0,0
8.11,1.0,0,0.0,0.0,0,0
8.12,1.0,0,0.0,0.0,0,0
8.13,1.0,0,0.0,0.0,0,0
8.14,1.0,0,0.0,0.0,0,0
8.15,1.0,0,0.0,0.0,0,0
8.16,1.0,0,0.0,0.0,0,0
8.17,1.0,0,0.0,0.0,0,0
8.18,1.0,0,0.0,0.0,0,0
8.19,1.0,0,0.0,0.0,0,0
8.2,1.0,0,0.0,0.0,0,0
8.21,1.0,0,0.0,0.0,0,0
8.22,1.0,0,0.0,0.0,0,0
8.23,1.0,0,0.0,0.0,0,0
8.24,1.0,0,0.0,0.0,0,0
8.25,1.0,0,0.0,0.0,0,0
8.26,1.0,0,0.0,0.0,0,0
8.27,1.0,0,0.0,0.0,0,0
8.28,1.0,0,0.0,0.0,0,0
8.29,1.0,0,0.0,0.0,0,0
8.3,1.0,0,0.0,0.0,0,0
8.31,1.0,0,0.0,0.0,0,0
8.32,1.0,0,0.0,0.0,0,0
8.33,1.0,0,0.0,0.0,0,0
8.34,1.0,0,0.0,0.0,0,0
8.35,1.0,0,0.0,0.0,0,0
8.36,1.0,0,0.0,0.0,0,0
8.37,1.0,0,0.0,0.0,0,0
8.38,1.0,0,0.0,0.0,0,0
8.39,1.0,0,0.0,0.0,0,0
8.4,1.0,0,0.0,0.0,0,0
8.41,1.0,0,0.0,0.0,0,0
8.42,1.0,0,0.0,0.0,0,0
8.43,1.0,0,0.0,0.0,0,0
8.44,1.0,0,0.0,0.0,0,0
8.45,1.0,0,0.0,0.0,0,0
8.46,1.0,0,0.0,0.0,0,0
8.47,1.0,0,0.0,0.0,0,0
8.48,1.0,0,0.0,0.0,0,0
8.49,1.0,0,0.0,0.0,0,0
8.5,1.0,0,0.0,0.0,0,0
8.51,1.0,0,0.0,0.0,0,0
8.52,1.0,0,0.0,0.0,0,0
8.53,1.0,0,0.0,0.0,0,0
8.54,1.0,0,0.0,0.0,0,0
8.55,1.0,0,0.0,0.0,0,0
8.56,1.0,0,0.0,0.0,0,0
8.57,1.0,0,0.0,0.0,0,0
8.58,1.0,0,0.0,0.0,0,0
8.59,1.0,0,0.0,0.0,0,0
8.6,1.0,0,0.0,0.0,0,0
8.61,1.0,0,0.0,0.0,0,0
8.62,1.0,0,0.0,0.0,0,0
8.63,1.0,0,0.0,0.0,0,0
8.64,1.0,0,0.0,0.0,0,0
8.65,1.0,0,0.0,0.0,0,0
8.66,1.0,0,0.0,0.0,0,0
8.67,1.0,0,0.0,0.0,0,0
8.68,1.0,0,0.0,0.0,0,0
8.69,1.0,0,0.0,0.0,0,0
8.7,1.0,0,0.0,0.0,0,0
8.71,1.0,0,0.0,0.0,0,0
8.72,1.0,0,0.0,0.0,0,0
8.73,1.0,0,0.0,0.0,0,0
8.74,1.0,0,0.0,0.0,0,0
8.75,1.0,0,0.0,0.0,0,0
8.76,1.0,0,0.0,0.0,0,0
8.77,1.0,0,0.0,0.0,0,0
8.78,1.0,0,0.0,0.0,0,0
8.79,1.0,0,0.0,0.0,0,0
8.8,1.0,0,0.0,0.0,0,0
8.81,1.0,0,0.0,0.0,0,0
8.82,1.0,0,0.0,0.0,0,0
8.83,1.0,0,0.0,0.0,0,0
8.84,1.0,0,0.0,0.0,0,0
8.85,1.0,0,0.0,0.0,0,0
8.86,1.0,0,0.0,0.0,0,0
8.87,1.0,0,0.0,0.0,0,0
8.88,1.0,0,0.0,0.0,0,0
8.89,1.0,0,0.0,0.0,0,0
8.9,1.0,0,0.0,0.0,0,0
8.91,1.0,0,0.0,0.0,0,0
8.92,1.0,0,0.0,0.0,0,0
8.93,1.0,0,0.0,0.0,0,0
8.94,1.0,0,0.0,0.0,0,0
8.95,1.0,0,0.0,0.0,0,0
8.96,1.0,0,0.0,0.0,0,0
8.97,1.0,0,0.0,0.0,0,0
8.98,1.0,0,0.0,0.0,0,0
8.99,1.0,0,0.0,0.0,0,0
9.0,1.0,0,0.0,0.0,0,0
9.01,1.0,0,0.0,0.0,0,0
9.02,1.0,0,0.0,0.0,0,0
9.03,1.0,0,0.0,0.0,0,0
9.04,1.0,0,0.0,0.0,0,0
9.05,1.0,0,0.0,0.0,0,0
9.06,1.0,0,0.0,0.0,0,0
9.07,1.0,0,0.0,0.0,0,0
9.08,1.0,0,0.0,0.0,0,0
9.09,1.0,0,0.0,0.0,0,0
9.1,1.0,0,0.0,0.0,0,0
9.11,1.0,0,0.0,0.0,0,0
9.12,1.0,0,0.0,0.0,0,0
9.13,1.0,0,0.0,0.0,0,0
9.14,1.0,0,0.0,0.0,0,0
9.15,1.0,0,0.0,0.0,0,0
9.16,1.0,0,0.0,0.0,0,0
9.17,1.0,0,0.0,0.0,0,0
9.18,1.0,0,0.0,0.0,0,0
9.19,1.0,0,0.0,0.0,0,0
9.2,1.0,0,0.0,0.0,0,0
9.21,1.0,0,0.0,0.0,0,0
9.22,1.0,0,0.0,0.0,0,0
9.23,1.0,0,0.0,0.0,0,0
9.24,1.0,0,0.0,0.0,0,0
9.25,1.0,0,0.0,0.0,0,0
9.26,1.0,0,0.0,0.0,0,0
9.27,1.0,0,0.0,0.0,0,0
9.28,1.0,0,0.0,0.0,0,0
9.29,1.0,0,0.0,0.0,0,0
9.3,1.0,0,0.0,0.0,0,0
9.31,1.0,0,0.0,0.0,0,0
9.32,1.0,0,0.0,0.0,0,0
9.33,1.0,0,0.0,0.0,0,0
9.34,1.0,0,0.0,0.0,0,0
9.35,1.0,0,0.0,0.0,0,0
9.36,1.0,0,0.0,0.0,0,0
9.37,1.0,0,0.0,0.0,0,0
9.38,1.0,0,0.0,0.0,0,0
9.39,1.0,0,0.0,0.0,0,0
9.4,1.0,0,0.0,0.0,0,0
9.41,1.0,0,0.0,0.0,0,0
9.42,1.0,0,0.0,0.0,0,0
9.43,1.0,0,0.0,0.0,0,0
9.44,1.0,0,0.0,0.0,0,0
9.45,1.0,0,0.0,0.0,0,0
9.46,1.0,0,0.0,0.0,0,0
9.47,1.0,0,0.0,0.0,0,0
9.48,1.0,0,0.0,0.0,0,0
9.49,1.0,0,0.0,0.0,0,0
9.5,1.0,0,0.0,0.0,0,0
9.51,1.0,0,0.0,0.0,0,0
9.52,1.0,0,0.0,0.0,0,0
9.53,1.0,0,0.0,0.0,0,0
9.54,1.0,0,0.0,0.0,0,0
9.55,1.0,0,0.0,0.0,0,0
9.56,1.0,0,0.0,0.0,0,0
9.57,1.0,0,0.0,0.0,0,0
9.58,1.0,0,0.0,0.0,0,0
9.59,1.0,0,0.0,0.0,0,0
9.6,1.0,0,0.0,0.0,0,0
9.61,1.0,0,0.0,0.0,0,0
9.62,1.0,0,0.0,0.0,0,0
9.63,1.0,0,0.0,0.0,0,0
9.64,1.0,0,0.0,0.0,0,0
9.65,1.0,0,0.0,0.0,0,0
9.66,1.0,0,0.0,0.0,0,0
9.67,1.0,0,0.0,0.0,0,0
9.68,1.0,0,0.0,0.0,0,0
9.69,1.0,0,0.0,0.0,0,0
9.7,1.0,0,0.0,0.0,0,0
9.71,1.0,0,0.0,0.0,0,0
9.72,1.0,0,0.0,0.0,0,0
9.73,1.0,0,0.0,0.0,0,0
9.74,1.0,0,0.0,0.0,0,0
9.75,1.0,0,0.0,0.0,0,0
9.76,1.0,0,0.0,0.0,0,0
9.77,1.0,0,0.0,0.0,0,0
9.78,1.0,0,0.0,0.0,0,0
9.79,1.0,0,0.0,0.0,0,0
9.8,1.0,0,0.0,0.0,0,0
9.81,1.0,0,0.0,0.0,0,0
9.82,1.0,0,0.0,0.0,0,0
9.83,1.0,0,0.0,0.0,0,0
9.84,1.0,0,0.0,0.0,0,0
9.85,1.0,0,0.0,0.0,0,0
9.86,1.0,0,0.0,0.0,0,0
9.87,1.0,0,0.0,0.0,0,0
9.88,1.0,0,0.0,0.0,0,0
9.89,1.0,0,0.0,0.0,0,0
9.9,1.0,0,0.0,0.0,0,0
9.91,1.0,0,0.0,0.0,0,0
9.92,1.0,0,0.0,0.0,0,0
9.93,1.0,0,0.0,0.0,0,0
9.94,1.0,0,0.0,0.0,0,0
9.95,1.0,0,0.0,0.0,0,0
9.96,1.0,0,0.0,0.0,0,0
9.97,1.0,0,0.0,0.0,0,0
9.98,1.0,0,0.0,0.0,0,0
9.99,1.0,0,0.0,0.0,0,0
10.0,1.0,0,0.0,0.0,0,0
10.01,1.0,0,0.0,0.0,0,0
10.02,1.0,0,0.0,0.0,0,0
10.03,1.0,0,0.0,0.0,0,0
10.04,1.0,0,0.0,0.0,0,0
10.05,1.0,0,0.0,0.0,0,0
10.06,1.0,0,0.0,0.0,0,0
10.07,1.0,0,0.0,0.0,0,0
10.08,1.0,0,0.0,0.0,0,0
10.09,1.0,0,0.0,0.0,0,0
10.1,1.0,0,0.0,0.0,0,0
10.11,1.0,0,0.0,0.0,0,0
10.12,1.0,0,0.0,0.0,0,0
10.13,1.0,0,0.0,0.0,0,0
10.14,1.0,0,0.0,0.0,0,0
10.15,1.0,0,0.0,0.0,0,0
10.16,1.0,0,0.0,0.0,0,0
10.17,1.0,0,0.0,0.0,0,0
10.18,1.0,0,0.0,0.0,0,0
10.19,1.0,0,0.0,0.0,0,0
10.2,1.0,0,0.0,0.0,0,0
10.21,1.0,0,0.0,0.0,0,0
10.22,1.0,0,0.0,0.0,0,0
10.23,1.0,0,0.0,0.0,0,0
10.24,1.0,0,0.0,0.0,0,0
10.25,1.0,0,0.0,0.0,0,0
10.26,1.0,0,0.0,0.0,0,0
10.27,1.0,0,0.0,0.0,0,0
10.28,1.0,0,0.0,0.0,0,0
10.29,1.0,0,0.0,0.0,0,0
10.3,1.0,0,0.0,0.0,0,0
10.31,1.0,0,0.0,0.0,0,0
10.32,1.0,0,0.0,0.0,0,0
10.33,1.0,0,0.0,0.0,0,0
10.34,1.0,0,0.0,0.0,0,0
10.35,1.0,0,0.0,0.0,0,0
10.36,1.0,0,0.0,0.0,0,0
10.37,1.0,0,0.0,0.0,0,0
10.38,1.0,0,0.0,0.0,0,0
10.39,1.0,0,0.0,0.0,0,0
10.4,1.0,0,0.0,0.0,0,0
10.41,1.0,0,0.0,0.0,0,0
10.42,1.0,0,0.0,0.0,0,0
10.43,1.0,0,0.0,0.0,0,0
10.44,1.0,0,0.0,0.0,0,0
10.45,1.0,0,0.0,0.0,0,0
10.46,1.0,0,0.0,0.0,0,0
10.47,1.0,0,0.0,0.0,0,0
10.48,1.0,0,0.0,0.0,0,0
10.49,1.0,0,0.0,0.0,0,0
10.5,1.0,0,0.0,0.0,0,0
10.51,1.0,0,0.0,0.0,0,0
10.52,1.0,0,0.0,0.0,0,0
10.53,1.0,0,0.0,0.0,0,0
10.54,1.0,0,0.0,0.0,0,0
10.55,1.0,0,0.0,0.0,0,0
10.56,1.0,0,0.0,0.0,0,0
10.57,1.0,0,0.0,0.0,0,0
10.58,1.0,0,0.0,0.0,0,0
10.59,1.0,0,0.0,0.0,0,0
10.6,1.0,0,0.0,0.0,0,0
10.61,1.0,0,0.0,0.0,0,0
10.62,1.0,0,0.0,0.0,0,0
10.63,1.0,0,0.0,0.0,0,0
10.64,1.0,0,0.0,0.0,0,0
10.65,1.0,0,0.0,0.0,0,0
10.66,1.0,0,0.0,0.0,0,0
10.67,1.0,0,0.0,0.0,0,0
10.68,1.0,0,0.0,0.0,0,0
10.69,1.0,0,0.0,0.0,0,0
10.7,1.0,0,0.0,0.0,0,0
10.71,1.0,0,0.0,0.0,0,0
10.72,1.0,0,0.0,0.0,0,0
10.73,1.0,0,0.0,0.0,0,0
10.74,1.0,0,0.0,0.0,0,0
10.75,1.0,0,0.0,0.0,0,0
10.76,1.0,0,0.0,0.0,0,0
10.77,1.0,0,0.0,0.0,0,0
10.78,1.0,0,0.0,0.0,0,0
10.79,1.0,0,0.0,0.0,0,0
10.8,1.0,0,0.0,0.0,0,0
10.81,1.0,0,0.0,0.0,0,0
10.82,1.0,0,0.0,0.0,0,0
10.83,1.0,0,0.0,0.0,0,0
10.84,1.0,0,0.0,0.0,0,0
10.85,1.0,0,0.0,0.0,0,0
10.86,1.0,0,0.0,0.0,0,0
10.87,1.0,0,0.0,0.0,0,0
10.88,1.0,0,0.0,0.0,0,0
10.89,1.0,0,0.0,0.0,0,0
10.9,1.0,0,0.0,0.0,0,0
10.91,1.0,0,0.0,0.0,0,0
10.92,1.0,0,0.0,0.0,0,0
10.93,1.0,0,0.0,0.0,0,0
10.94,1.0,0,0.0,0.0,0,0
10.95,1.0,0,0.0,0.0,0,0
10.96,1.0,0,0.0,0.0,0,0
10.97,1.0,0,0.0,0.0,0,0
10.98,1.0,0,0.0,0.0,0,0
10.99,1.0,0,0.0,0.0,0,0
11.0,1.0,0,0.0,0.0,0,0
11.01,1.0,0,0.0,0.0,0,0
11.02,1.0,0,0.0,0.0,0,0
11.03,1.0,0,0.0,0.0,0,0
11.04,1.0,0,0.0,0.0,0,0
11.05,1.0,0,0.0,0.0,0,0
11.06,1.0,0,0.0,0.0,0,0
11.07,1.0,0,0.0,0.0,0,0
11.08,1.0,0,0.0,0.0,0,0
11.09,1.0,0,0.0,0.0,0,0
11.1,1.0,0,0.0,0.0,0,0
11.11,1.0,0,0.0,0.0,0,0
11.12,1.0,0,0.0,0.0,0,0
11.13,1.0,0,0.0,0.0,0,0
11.14,1.0,0,0.0,0.0,0,0
11.15,1.0,0,0.0,0.0,0,0
11.16,1.0,0,0.0,0.0,0,0
11.17,1.0,0,0.0,0.0,0,0
11.18,1.0,0,0.0,0.0,0,0
11.19,1.0,0,0.0,0.0,0,0
11.2,1.0,0,0.0,0.0,0,0
11.21,1.0,0,0.0,0.0,0,0
11.22,1.0,0,0.0,0.0,0,0
11.23,1.0,0,0.0,0.0,0,0
11.24,1.0,0,0.0,0.0,0,0
11.25,1.0,0,0.0,0.0,0,0
11.26,1.0,0,0.0,0.0,0,0
11.27,1.0,0,0.0,0.0,0,0
11.28,1.0,0,0.0,0.0,0,0
11.29,1.0,0,0.0,0.0,0,0
11.3,1.0,0,0.0,0.0,0,0
11.31,1.0,0,0.0,0.0,0,0
11.32,1.0,0,0.0,0.0,0,0
11.33,1.0,0,0.0,0.0,0,0
11.34,1.0,0,0.0,0.0,0,0
11.35,1.0,0,0.0,0.0,0,0
11.36,1.0,0,0.0,0.0,0,0
11.37,1.0,0,0.0,0.0,0,0
11.38,1.0,0,0.0,0.0,0,0
11.39,1.0,0,0.0,0.0,0,0
11.4,1.0,0,0.0,0.0,0,0
11.41,1.0,0,0.0,0.0,0,0
11.42,1.0,0,0.0,0.0,0,0
11.43,1.0,0,0.0,0.0,0,0
11.44,1.0,0,0.0,0.0,0,0
11.45,1.0,0,0.0,0.0,0,0
11.46,1.0,0,0.0,0.0,0,0
11.47,1.0,0,0.0,0.0,0,0
11.48,1.0,0,0.0,0.0,0,0
11.49,1.0,0,0.0,0.0,0,0
11.5,1.0,0,0.0,0.0,0,0
11.51,1.0,0,0.0,0.0,0,0
11.52,1.0,0,0.0,0.0,0,0
11.53,1.0,0,0.0,0.0,0,0
11.54,1.0,0,0.0,0.0,0,0
11.55,1.0,0,0.0,0.0,0,0
11.56,1.0,0,0.0,0.0,0,0
11.57,1.0,0,0.0,0.0,0,0
11.58,1.0,0,0.0,0.0,0,0
11.59,1.0,0,0.0,0.0,0,0
11.6,1.0,0,0.0,0.0,0,0
11.61,1.0,0,0.0,0.0,0,0
11.62,1.0,0,0.0,0.0,0,0
11.63,1.0,0,0.0,0.0,0,0
11.64,1.0,0,0.0,0.0,0,0
11.65,1.0,0,0.0,0.0,0,0
11.66,1.0,0,0.0,0.0,0,0
11.67,1.0,0,0.0,0.0,0,0
11.68,1.0,0,0.0,0.0,0,0
11.69,1.0,0,0.0,0.0,0,0
11.7,1.0,0,0.0,0.0,0,0
11.71,1.0,0,0.0,0.0,0,0
11.72,1.0,0,0.0,0.0,0,0
11.73,1.0,0,0.0,0.0,0,0
11.74,1.0,0,0.0,0.0,0,0
11.75,1.0,0,0.0,0.0,0,0
11.76,1.0,0,0.0,0.0,0,0
11.77,1.0,0,0.0,0.0,0,0
11.78,1.0,0,0.0,0.0,0,0
11.79,1.0,0,0.0,0.0,0,0
11.8,1.0,0,0.0,0.0,0,0
11.81,1.0,0,0.0,0.0,0,0
11.82,1.0,0,0.0,0.0,0,0
11.83,1.0,0,0.0,0.0,0,0
11.84,1.0,0,0.0,0.0,0,0
11.85,1.0,0,0.0,0.0,0,0
11.86,1.0,0,0.0,0.0,0,0
11.87,1.0,0,0.0,0.0,0,0
11.88,1.0,0,0.0,0.0,0,0
11.89,1.0,0,0.0,0.0,0,0
11.9,1.0,0,0.0,0.0,0,0
11.91,1.0,0,0.0,0.0,0,0
11.92,1.0,0,0.0,0.0,0,0
11.93,1.0,0,0.0,0.0,0,0
11.94,1.0,0,0.0,0.0,0,0
11.95,1.0,0,0.0,0.0,0,0
11.96,1.0,0,0.0,0.0,0,0
11.97,1.0,0,0.0,0.0,0,0
11.98,1.0,0,0.0,0.0,0,0
11.99,1.0,0,0.0,0.0,0,0
12.0,1.0,0,0.0,0.0,0,0
12.01,1.0,0,0.0,0.0,0,0
12.02,1.0,0,0.0,0.0,0,0
12.03,1.0,0,0.0,0.0,0,0
12.04,1.0,0,0.0,0.0,0,0
12.05,1.0,0,0.0,0.0,0,0
12.06,1.0,0,0.0,0.0,0,0
12.07,1.0,0,0.0,0.0,0,0
12.08,1.0,0,0.0,0.0,0,0
12.09,1.0,0,0.0,0.0,0,0
12.1,1.0,0,0.0,0.0,0,0
12.11,1.0,0,0.0,0.0,0,0
12.12,1.0,0,0.0,0.0,0,0
12.13,1.0,0,0.0,0.0,0,0
12.14,1.0,0,0.0,0.0,0,0
12.15,1.0,0,0.0,0.0,0,0
12.16,1.0,0,0.0,0.0,0,0
12.17,1.0,0,0.0,0.0,0,0
12.18,1.0,0,0.0,0.0,0,0
12.19,1.0,0,0.0,0.0,0,0
12.2,1.0,0,0.0,0.0,0,0
12.21,1.0,0,0.0,0.0,0,0
12.22,1.0,0,0.0,0.0,0,0
12.23,1.0,0,0.0,0.0,0,0
12.24,1.0,0,0.0,0.0,0,0
12.25,1.0,0,0.0,0.0,0,0
12.26,1.0,0,0.0,0.0,0,0
12.27,1.0,0,0.0,0.0,0,0
12.28,1.0,0,0.0,0.0,0,0
12.29,1.0,0,0.0,0.0,0,0
12.3,1.0,0,0.0,0.0,0,0
12.31,1.0,0,0.0,0.0,0,0
12.32,1.0,0,0.0,0.0,0,0
12.33,1.0,0,0.0,0.0,0,0
12.34,1.0,0,0.0,0.0,0,0
12.35,1.0,0,0.0,0.0,0,0
12.36,1.0,0,0.0,0.0,0,0
12.37,1.0,0,0.0,0.0,0,0
12.38,1.0,0,0.0,0.0,0,0
12.39,1.0,0,0.0,0.0,0,0
12.4,1.0,0,0.0,0.0,0,0
12.41,1.0,0,0.0,0.0,0,0
12.42,1.0,0,0.0,0.0,0,0
12.43,1.0,0,0.0,0.0,0,0
12.44,1.0,0,0.0,0.0,0,0
12.45,1.0,0,0.0,0.0,0,0
12.46,1.0,0,0.0,0.0,0,0
12.47,1.0,0,0.0,0.0,0,0
12.48,1.0,0,0.0,0.0,0,0
12.49,1.0,0,0.0,0.0,0,0
12.5,1.0,0,0.0,0.0,0,0
12.51,1.0,0,0.0,0.0,0,0
12.52,1.0,0,0.0,0.0,0,0
12.53,1.0,0,0.0,0.0,0,0
12.54,1.0,0,0.0,0.0,0,0
12.55,1.0,0,0.0,0.0,0,0
12.56,1.0,0,0.0,0.0,0,0
12.57,1.0,0,0.0,0.0,0,0
12.58,1.0,0,0.0,0.0,0,0
12.59,1.0,0,0.0,0.0,0,0
12.6,1.0,0,0.0,0.0,0,0
12.61,1.0,0,0.0,0.0,0,0
12.62,1.0,0,0.0,0.0,0,0
12.63,1.0,0,0.0,0.0,0,0
12.64,1.0,0,0.0,0.0,0,0
12.65,1.0,0,0.0,0.0,0,0
12.66,1.0,0,0.0,0.0,0,0
12.67,1.0,0,0.0,0.0,0,0
12.68,1.0,0,0.0,0.0,0,0
12.69,1.0,0,0.0,0.0,0,0
12.7,1.0,0,0.0,0.0,0,0
12.71,1.0,0,0.0,0.0,0,0
12.72,1.0,0,0.0,0.0,0,0
12.73,1.0,0,0.0,0.0,0,0
12.74,1.0,0,0.0,0.0,0,0
12.75,1.0,0,0.0,0.0,0,0
12.76,1.0,0,0.0,0.0,0,0
12.77,1.0,0,0.0,0.0,0,0
12.78,1.0,0,0.0,0.0,0,0
12.79,1.0,0,0.0,0.0,0,0
12.8,1.0,0,0.0,0.0,0,0
12.81,1.0,0,0.0,0.0,0,0
12.82,1.0,0,0.0,0.0,0,0
12.83,1.0,0,0.0,0.0,0,0
12.84,1.0,0,0.0,0.0,0,0
12.85,1.0,0,0.0,0.0,0,0
12.86,1.0,0,0.0,0.0,0,0
12.87,1.0,0,0.0,0.0,0,0
12.88,1.0,0,0.0,0.0,0,0
12.89,1.0,0,0.0,0.0,0,0
12.9,1.0,0,0.0,0.0,0,0
12.91,1.0,0,0.0,0.0,0,0
12.92,1.0,0,0.0,0.0,0,0
12.93,1.0,0,0.0,0.0,0,0
12.94,1.0,0,0.0,0.0,0,0
12.95,1.0,0,0.0,0.0,0,0
12.96,1.0,0,0.0,0.0,0,0
12.97,1.0,0,0.0,0.0,0,0
12.98,1.0,0,0.0,0.0,0,0
12.99,1.0,0,0.0,0.0,0,0
13.0,1.0,0,0.0,0.0,0,0
13.01,1.0,0,0.0,0.0,0,0
13.02,1.0,0,0.0,0.0,0,0
13.03,1.0,0,0.0,0.0,0,0
13.04,1.0,0,0.0,0.0,0,0
13.05,1.0,0,0.0,0.0,0,0
13.06,1.0,0,0.0,0.0,0,0
13.07,1.0,0,0.0,0.0,0,0
13.08,1.0,0,0.0,0.0,0,0
13.09,1.0,0,0.0,0.0,0,0
13.1,1.0,0,0.0,0.0,0,0
13.11,1.0,0,0.0,0.0,0,0
13.12,1.0,0,0.0,0.0,0,0
13.13,1.0,0,0.0,0.0,0,0
13.14,1.0,0,0.0,0.0,0,0
13.15,1.0,0,0.0,0.0,0,0
13.16,1.0,0,0.0,0.0,0,0
13.17,1.0,0,0.0,0.0,0,0
13.18,1.0,0,0.0,0.0,0,0
13.19,1.0,0,0.0,0.0,0,0
13.2,1.0,0,0.0,0.0,0,0
13.21,1.0,0,0.0,0.0,0,0
13.22,1.0,0,0.0,0.0,0,0
13.23,1.0,0,0.0,0.0,0,0
13.24,1.0,0,0.0,0.0,0,0
13.25,1.0,0,0.0,0.0,0,0
13.26,1.0,0,0.0,0.0,0,0
13.27,1.0,0,0.0,0.0,0,0
13.28,1.0,0,0.0,0.0,0,0
13.29,1.0,0,0.0,0.0,0,0
13.3,1.0,0,0.0,0.0,0,0
13.31,1.0,0,0.0,0.0,0,0
13.32,1.0,0,0.0,0.0,0,0
13.33,1.0,0,0.0,0.0,0,0
13.34,1.0,0,0.0,0.0,0,0
13.35,1.0,0,0.0,0.0,0,0
13.36,1.0,0,0.0,0.0,0,0
13.37,1.0,0,0.0,0.0,0,0
13.38,1.0,0,0.0,0.0,0,0
13.39,1.0,0,0.0,0.0,0,0
13.4,1.0,0,0.0,0.0,0,0
13.41,1.0,0,0.0,0.0,0,0
13.42,1.0,0,0.0,0.0,0,0
13.43,1.0,0,0.0,0.0,0,0
13.44,1.0,0,0.0,0.0,0,0
13.45,1.0,0,0.0,0.0,0,0
13.46,1.0,0,0.0,0.0,0,0
13.47,1.0,0,0.0,0.0,0,0
13.48,1.0,0,0.0,0.0,0,0
13.49,1.0,0,0.0,0.0,0,0
13.5,1.0,0,0.0,0.0,0,0
13.51,1.0,0,0.0,0.0,0,0
13.52,1.0,0,0.0,0.0,0,0
13.53,1.0,0,0.0,0.0,0,0
13.54,1.0,0,0.0,0.0,0,0
13.55,1.0,0,0.0,0.0,0,0
13.56,1.0,0,0.0,0.0,0,0
13.57,1.0,0,0.0,0.0,0,0
13.58,1.0,0,0.0,0.0,0,0
13.59,1.0,0,0.0,0.0,0,0
13.6,1.0,0,0.0,0.0,0,0
13.61,1.0,0,0.0,0.0,0,0
13.62,1.0,0,0.0,0.0,0,0
13.63,1.0,0,0.0,0.0,0,0
13.64,1.0,0,0.0,0.0,0,0
13.65,1.0,0,0.0,0.0,0,0
13.66,1.0,0,0.0,0.0,0,0
13.67,1.0,0,0.0,0.0,0,0
13.68,1.0,0,0.0,0.0,0,0
13.69,1.0,0,0.0,0.0,0,0
13.7,1.0,0,0.0,0.0,0,0
13.71,1.0,0,0.0,0.0,0,0
13.72,1.0,0,0.0,0.0,0,0
13.73,1.0,0,0.0,0.0,0,0
13.74,1.0,0,0.0,0.0,0,0
13.75,1.0,0,0.0,0.0,0,0
13.76,1.0,0,0.0,0.0,0,0
13.77,1.0,0,0.0,0.0,0,0
13.78,1.0,0,0.0,0.0,0,0
13.79,1.0,0,0.0,0.0,0,0
13.8,1.0,0,0.0,0.0,0,0
13.81,1.0,0,0.0,0.0,0,0
13.82,1.0,0,0.0,0.0,0,0
13.83,1.0,0,0.0,0.0,0,0
13.84,1.0,0,0.0,0.0,0,0
13.85,1.0,0,0.0,0.0,0,0
13.86,1.0,0,0.0,0.0,0,0
13.87,1.0,0,0.0,0.0,0,0
13.88,1.0,0,0.0,0.0,0,0
13.89,1.0,0,0.0,0.0,0,0
13.9,1.0,0,0.0,0.0,0,0
13.91,1.0,0,0.0,0.0,0,0
13.92,1.0,0,0.0,0.0,0,0
13.93,1.0,0,0.0,0.0,0,0
13.94,1.0,0,0.0,0.0,0,0
13.95,1.0,0,0.0,0.0,0,0
13.96,1.0,0,0.0,0.0,0,0
13.97,1.0,0,0.0,0.0,0,0
13.98,1.0,0,0.0,0.0,0,0
13.99,1.0,0,0.0,0.0,0,0
14.0,1.0,0,0.0,0.0,0,0
14.01,1.0,0,0.0,0.0,0,0
14.02,1.0,0,0.0,0.0,0,0
14.03,1.0,0,0.0,0.0,0,0
14.04,1.0,0,0.0,0.0,0,0
14.05,1.0,0,0.0,0.0,0,0
14.06,1.0,0,0.0,0.0,0,0
14.07,1.0,0,0.0,0.0,0,0
14.08,1.0,0,0.0,0.0,0,0
14.09,1.0,0,0.0,0.0,0,0
14.1,1.0,0,0.0,0.0,0,0
14.11,1.0,0,0.0,0.0,0,0
14.12,1.0,0,0.0,0.0,0,0
14.13,1.0,0,0.0,0.0,0,0
14.14,1.0,0,0.0,0.0,0,0
14.15,1.0,0,0.0,0.0,0,0
14.16,1.0,0,0.0,0.0,0,0
14.17,1.0,0,0.0,0.0,0,0
14.18,1.0,0,0.0,0.0,0,0
14.19,1.0,0,0.0,0.0,0,0
14.2,1.0,0,0.0,0.0,0,0
14.21,1.0,0,0.0,0.0,0,0
14.22,1.0,0,0.0,0.0,0,0
14.23,1.0,0,0.0,0.0,0,0
14.24,1.0,0,0.0,0.0,0,0
14.25,1.0,0,0.0,0.0,0,0
14.26,1.0,0,0.0,0.0,0,0
14.27,1.0,0,0.0,0.0,0,0
14.28,1.0,0,0.0,0.0,0,0
14.29,1.0,0,0.0,0.0,0,0
14.3,1.0,0,0.0,0.0,0,0
14.31,1.0,0,0.0,0.0,0,0
14.32,1.0,0,0.0,0.0,0,0
14.33,1.0,0,0.0,0.0,0,0
14.34,1.0,0,0.0,0.0,0,0
14.35,1.0,0,0.0,0.0,0,0
14.36,1.0,0,0.0,0.0,0,0
14.37,1.0,0,0.0,0.0,0,0
14.38,1.0,0,0.0,0.0,0,0
14.39,1.0,0,0.0,0.0,0,0
14.4,1.0,0,0.0,0.0,0,0
14.41,1.0,0,0.0,0.0,0,0
14.42,1.0,0,0.0,0.0,0,0
14.43,1.0,0,0.0,0.0,0,0
14.44,1.0,0,0.0,0.0,0,0
14.45,1.0,0,0.0,0.0,0,0
14.46,1.0,0,0.0,0.0,0,0
14.47,1.0,0,0.0,0.0,0,0
14.48,1.0,0,0.0,0.0,0,0
14.49,1.0,0,0.0,0.0,0,0
14.5,1.0,0,0.0,0.0,0,0
14.51,1.0,0,0.0,0.0,0,0
14.52,1.0,0,0.0,0.0,0,0
14.53,1.0,0,0.0,0.0,0,0
14.54,1.0,0,0.0,0.0,0,0
14.55,1.0,0,0.0,0.0,0,0
14.56,1.0,0,0.0,0.0,0,0
14.57,1.0,0,0.0,0.0,0,0
14.58,1.0,0,0.0,0.0,0,0
14.59,1.0,0,0.0,0.0,0,0
14.6,1.0,0,0.0,0.0,0,0
14.61,1.0,0,0.0,0.0,0,0
14.62,1.0,0,0.0,0.0,0,0
14.63,1.0,0,0.0,0.0,0,0
14.64,1.0,0,0.0,0.0,0,0
14.65,1.0,0,0.0,0.0,0,0
14.66,1.0,0,0.0,0.0,0,0
14.67,1.0,0,0.0,0.0,0,0
14.68,1.0,0,0.0,0.0,0,0
14.69,1.0,0,0.0,0.0,0,0
14.7,1.0,0,0.0,0.0,0,0
14.71,1.0,0,0.0,0.0,0,0
14.72,1.0,0,0.0,0.0,0,0
14.73,1.0,0,0.0,0.0,0,0
14.74,1.0,0,0.0,0.0,0,0
14.75,1.0,0,0.0,0.0,0,0
14.76,1.0,0,0.0,0.0,0,0
14.77,1.0,0,0.0,0.0,0,0
14.78,1.0,0,0.0,0.0,0,0
14.79,1.0,0,0.0,0.0,0,0
14.8,1.0,0,0.0,0.0,0,0
14.81,1.0,0,0.0,0.0,0,0
14.82,1.0,0,0.0,0.0,0,0
14.83,1.0,0,0.0,0.0,0,0
14.84,1.0,0,0.0,0.0,0,0
14.85,1.0,0,0.0,0.0,0,0
14.86,1.0,0,0.0,0.0,0,0
14.87,1.0,0,0.0,0.0,0,0
14.88,1.0,0,0.0,0.0,0,0
14.89,1.0,0,0.0,0.0,0,0
14.9,1.0,0,0.0,0.0,0,0
14.91,1.0,0,0.0,0.0,0,0
14.92,1.0,0,0.0,0.0,0,0
14.93,1.0,0,0.0,0.0,0,0
14.94,1.0,0,0.0,0.0,0,0
14.95,1.0,0,0.0,0.0,0,0
14.96,1.0,0,0.0,0.0,0,0
14.97,1.0,0,0.0,0.0,0,0
14.98,1.0,0,0.0,0.0,0,0
14.99,1.0,0,0.0,0.0,0,0
15.0,1.0,0,0.0,0.0,0,0
15.01,1.0,0,0.0,0.0,0,0
15.02,1.0,0,0.0,0.0,0,0
15.03,1.0,0,0.0,0.0,0,0
15.04,1.0,0,0.0,0.0,0,0
15.05,1.0,0,0.0,0.0,0,0
15.06,1.0,0,0.0,0.0,0,0
15.07,1.0,0,0.0,0.0,0,0
15.08,1.0,0,0.0,0.0,0,0
15.09,1.0,0,0.0,0.0,0,0
15.1,1.0,0,0.0,0.0,0,0
15.11,1.0,0,0.0,0.0,0,0
15.12,1.0,0,0.0,0.0,0,0
15.13,1.0,0,0.0,0.0,0,0
15.14,1.0,0,0.0,0.0,0,0
15.15,1.0,0,0.0,0.0,0,0
15.16,1.0,0,0.0,0.0,0,0
15.17,1.0,0,0.0,0.0,0,0
15.18,1.0,0,0.0,0.0,0,0
15.19,1.0,0,0.0,0.0,0,0
15.2,1.0,0,0.0,0.0,0,0
15.21,1.0,0,0.0,0.0,0,0
15.22,1.0,0,0.0,0.0,0,0
15.23,1.0,0,0.0,0.0,0,0
15.24,1.0,0,0.0,0.0,0,0
15.25,1.0,0,0.0,0.0,0,0
15.26,1.0,0,0.0,0.0,0,0
15.27,1.0,0,0.0,0.0,0,0
15.28,1.0,0,0.0,0.0,0,0
15.29,1.0,0,0.0,0.0,0,0
15.3,1.0,0,0.0,0.0,0,0
15.31,1.0,0,0.0,0.0,0,0
15.32,1.0,0,0.0,0.0,0,0
15.33,1.0,0,0.0,0.0,0,0
15.34,1.0,0,0.0,0.0,0,0
15.35,1.0,0,0.0,0.0,0,0
15.36,1.0,0,0.0,0.0,0,0
15.37,1.0,0,0.0,0.0,0,0
15.38,1.0,0,0.0,0.0,0,0
15.39,1.0,0,0.0,0.0,0,0
15.4,1.0,0,0.0,0.0,0,0
15.41,1.0,0,0.0,0.0,0,0
15.42,1.0,0,0.0,0.0,0,0
15.43,1.0,0,0.0,0.0,0,0
15.44,1.0,0,0.0,0.0,0,0
15.45,1.0,0,0.0,0.0,0,0
15.46,1.0,0,0.0,0.0,0,0
15.47,1.0,0,0.0,0.0,0,0
15.48,1.0,0,0.0,0.0,0,0
15.49,1.0,0,0.0,0.0,0,0
15.5,1.0,0,0.0,0.0,0,0
15.51,1.0,0,0.0,0.0,0,0
15.52,1.0,0,0.0,0.0,0,0
15.53,1.0,0,0.0,0.0,0,0
15.54,1.0,0,0.0,0.0,0,0
15.55,1.0,0,0.0,0.0,0,0
15.56,1.0,0,0.0,0.0,0,0
15.57,1.0,0,0.0,0.0,0,0
15.58,1.0,0,0.0,0.0,0,0
15.59,1.0,0,0.0,0.0,0,0
15.6,1.0,0,0.0,0.0,0,0
15.61,1.0,0,0.0,0.0,0,0
15.62,1.0,0,0.0,0.0,0,0
15.63,1.0,0,0.0,0.0,0,0
15.64,1.0,0,0.0,0.0,0,0
15.65,1.0,0,0.0,0.0,0,0
15.66,1.0,0,0.0,0.0,0,0
15.67,1.0,0,0.0,0.0,0,0
15.68,1.0,0,0.0,0.0,0,0
15.69,1.0,0,0.0,0.0,0,0
15.7,1.0,0,0.0,0.0,0,0
15.71,1.0,0,0.0,0.0,0,0
15.72,1.0,0,0.0,0.0,0,0
15.73,1.0,0,0.0,0.0,0,0
15.74,1.0,0,0.0,0.0,0,0
15.75,1.0,0,0.0,0.0,0,0
15.76,1.0,0,0.0,0.0,0,0
15.77,1.0,0,0.0,0.0,0,0
15.78,1.0,0,0.0,0.0,0,0
15.79,1.0,0,0.0,0.0,0,0
15.8,1.0,0,0.0,0.0,0,0
15.81,1.0,0,0.0,0.0,0,0
15.82,1.0,0,0.0,0.0,0,0
15.83,1.0,0,0.0,0.0,0,0
15.84,1.0,0,0.0,0.0,0,0
15.85,1.0,0,0.0,0.0,0,0
15.86,1.0,0,0.0,0.0,0,0
15.87,1.0,0,0.0,0.0,0,0
15.88,1.0,0,0.0,0.0,0,0
15.89,1.0,0,0.0,0.0,0,0
15.9,1.0,0,0.0,0.0,0,0
15.91,1.0,0,0.0,0.0,0,0
15.92,1.0,0,0.0,0.0,0,0
15.93,1.0,0,0.0,0.0,0,0
15.94,1.0,0,0.0,0.0,0,0
15.95,1.0,0,0.0,0.0,0,0
15.96,1.0,0,0.0,0.0,0,0
15.97,1.0,0,0.0,0.0,0,0
15.98,1.0,0,0.0,0.0,0,0
15.99,1.0,0,0.0,0.0,0,0
16.0,1.0,0,0.0,0.0,0,0
16.01,1.0,0,0.0,0.0,0,0
16.02,1.0,0,0.0,0.0,0,0
16.03,1.0,0,0.0,0.0,0,0
16.04,1.0,0,0.0,0.0,0,0
16.05,1.0,0,0.0,0.0,0,0
16.06,1.0,0,0.0,0.0,0,0
16.07,1.0,0,0.0,0.0,0,0
16.08,1.0,0,0.0,0.0,0,0
16.09,1.0,0,0.0,0.0,0,0
16.1,1.0,0,0.0,0.0,0,0
16.11,1.0,0,0.0,0.0,0,0
16.12,1.0,0,0.0,0.0,0,0
16.13,1.0,0,0.0,0.0,0,0
16.14,1.0,0,0.0,0.0,0,0
16.15,1.0,0,0.0,0.0,0,0
16.16,1.0,0,0.0,0.0,0,0
16.17,1.0,0,0.0,0.0,0,0
16.18,1.0,0,0.0,0.0,0,0
16.19,1.0,0,0.0,0.0,0,0
16.2,1.0,0,0.0,0.0,0,0
16.21,1.0,0,0.0,0.0,0,0
16.22,1.0,0,0.0,0.0,0,0
16.23,1.0,0,0.0,0.0,0,0
16.24,1.0,0,0.0,0.0,0,0
16.25,1.0,0,0.0,0.0,0,0
16.26,1.0,0,0.0,0.0,0,0
16.27,1.0,0,0.0,0.0,0,0
16.28,1.0,0,0.0,0.0,0,0
16.29,1.0,0,0.0,0.0,0,0
16.3,1.0,0,0.0,0.0,0,0
16.31,1.0,0,0.0,0.0,0,0
16.32,1.0,0,0.0,0.0,0,0
16.33,1.0,0,0.0,0.0,0,0
16.34,1.0,0,0.0,0.0,0,0
16.35,1.0,0,0.0,0.0,0,0
16.36,1.0,0,0.0,0.0,0,0
16.37,1.0,0,0.0,0.0,0,0
16.38,1.0,0,0.0,0.0,0,0
16.39,1.0,0,0.0,0.0,0,0
16.4,1.0,0,0.0,0.0,0,0
16.41,1.0,0,0.0,0.0,0,0
16.42,1.0,0,0.0,0.0,0,0
16.43,1.0,0,0.0,0.0,0,0
16.44,1.0,0,0.0,0.0,0,0
16.45,1.0,0,0.0,0.0,0,0
16.46,1.0,0,0.0,0.0,0,0
16.47,1.0,0,0.0,0.0,0,0
16.48,1.0,0,0.0,0.0,0,0
16.49,1.0,0,0.0,0.0,0,0
16.5,1.0,0,0.0,0.0,0,0
16.51,1.0,0,0.0,0.0,0,0
16.52,1.0,0,0.0,0.0,0,0
16.53,1.0,0,0.0,0.0,0,0
16.54,1.0,0,0.0,0.0,0,0
16.55,1.0,0,0.0,0.0,0,0
16.56,1.0,0,0.0,0.0,0,0
16.57,1.0,0,0.0,0.0,0,0
16.58,1.0,0,0.0,0.0,0,0
16.59,1.0,0,0.0,0.0,0,0
16.6,1.0,0,0.0,0.0,0,0
16.61,1.0,0,0.0,0.0,0,0
16.62,1.0,0,0.0,0.0,0,0
16.63,1.0,0,0.0,0.0,0,0
16.64,1.0,0,0.0,0.0,0,0
16.65,1.0,0,0.0,0.0,0,0
16.66,1.0,0,0.0,0.0,0,0
16.67,1.0,0,0.0,0.0,0,0
16.68,1.0,0,0.0,0.0,0,0
16.69,1.0,0,0.0,0.0,0,0
16.7,1.0,0,0.0,0.0,0,0
16.71,1.0,0,0.0,0.0,0,0
16.72,1.0,0,0.0,0.0,0,0
16.73,1.0,0,0.0,0.0,0,0
16.74,1.0,0,0.0,0.0,0,0
16.75,1.0,0,0.0,0.0,0,0
16.76,1.0,0,0.0,0.0,0,0
16.77,1.0,0,0.0,0.0,0,0
16.78,1.0,0,0.0,0.0,0,0
16.79,1.0,0,0.0,0.0,0,0
16.8,1.0,0,0.0,0.0,0,0
16.81,1.0,0,0.0,0.0,0,0
16.82,1.0,0,0.0,0.0,0,0
16.83,1.0,0,0.0,0.0,0,0
16.84,1.0,0,0.0,0.0,0,0
16.85,1.0,0,0.0,0.0,0,0
16.86,1.0,0,0.0,0.0,0,0
16.87,1.0,0,0.0,0.0,0,0
16.88,1.0,0,0.0,0.0,0,0
16.89,1.0,0,0.0,0.0,0,0
16.9,1.0,0,0.0,0.0,0,0
16.91,1.0,0,0.0,0.0,0,0
16.92,1.0,0,0.0,0.0,0,0
16.93,1.0,0,0.0,0.0,0,0
16.94,1.0,0,0.0,0.0,0,0
16.95,1.0,0,0.0,0.0,0,0
16.96,1.0,0,0.0,0.0,0,0
16.97,1.0,0,0.0,0.0,0,0
16.98,1.0,0,0.0,0.0,0,0
16.99,1.0,0,0.0,0.0,0,0
17.0,1.0,0,0.0,0.0,0,0
17.01,1.0,0,0.0,0.0,0,0
17.02,1.0,0,0.0,0.0,0,0
17.03,1.0,0,0.0,0.0,0,0
17.04,1.0,0,0.0,0.0,0,0
17.05,1.0,0,0.0,0.0,0,0
17.06,1.0,0,0.0,0.0,0,0
17.07,1.0,0,0.0,0.0,0,0
17.08,1.0,0,0.0,0.0,0,0
17.09,1.0,0,0.0,0.0,0,0
17.1,1.0,0,0.0,0.0,0,0
17.11,1.0,0,0.0,0.0,0,0
17.12,1.0,0,0.0,0.0,0,0
17.13,1.0,0,0.0,0.0,0,0
17.14,1.0,0,0.0,0.0,0,0
17.15,1.0,0,0.0,0.0,0,0
17.16,1.0,0,0.0,0.0,0,0
17.17,1.0,0,0.0,0.0,0,0
17.18,1.0,0,0.0,0.0,0,0
17.19,1.0,0,0.0,0.0,0,0
17.2,1.0,0,0.0,0.0,0,0
17.21,1.0,0,0.0,0.0,0,0
17.22,1.0,0,0.0,0.0,0,0
17.23,1.0,0,0.0,0.0,0,0
17.24,1.0,0,0.0,0.0,0,0
17.25,1.0,0,0.0,0.0,0,0
17.26,1.0,0,0.0,0.0,0,0
17.27,1.0,0,0.0,0.0,0,0
17.28,1.0,0,0.0,0.0,0,0
17.29,1.0,0,0.0,0.0,0,0
17.3,1.0,0,0.0,0.0,0,0
17.31,1.0,0,0.0,0.0,0,0
17.32,1.0,0,0.0,0.0,0,0
17.33,1.0,0,0.0,0.0,0,0
17.34,0.0,0,0.0,1.0,0,0
17.35,0.0,0,0.0,1.0,0,0
17.36,0.0,0,0.0,1.0,0,0
17.37,0.0,0,0.0,1.0,0,0
17.38,0.0,0,0.0,1.0,0,0
17.39,0.0,0,0.0,1.0,0,0
17.4,0.0,0,0.0,1.0,0,0
17.41,0.0,0,0.0,1.0,0,0
17.42,0.0,0,0.0,1.0,0,0
17.43,0.0,0,0.0,1.0,0,0
17.44,0.0,0,0.0,1.0,0,0
17.45,0.0,0,0.0,1.0,0,0
17.46,0.0,0,0.0,1.0,0,0
17.47,0.0,0,0.0,1.0,0,0
17.48,0.0,0,0.0,1.0,0,0
17.49,0.0,0,0.0,1.0,0,0
17.5,0.0,0,0.0,1.0,0,0
17.51,0.0,0,0.0,1.0,0,0
17.52,0.0,0,0.0,1.0,0,0
17.53,0.0,0,0.0,1.0,0,0
17.54,0.0,0,0.0,1.0,0,0
17.55,0.0,0,0.0,1.0,0,0
17.56,0.0,0,0.0,1.0,0,0
17.57,0.0,0,0.0,1.0,0,0
17.58,0.0,0,0.0,1.0,0,0
17.59,0.0,0,0.0,1.0,0,0
17.6,0.0,0,0.0,1.0,0,0
17.61,0.0,0,0.0,1.0,0,0
17.62,0.0,0,0.0,1.0,0,0
17.63,0.0,0,0.0,1.0,0,0
17.64,0.0,0,0.0,1.0,0,0
17.65,0.0,0,0.0,1.0,0,0
17.66,0.0,0,0.0,1.0,0,0
17.67,0.0,0,0.0,1.0,0,0
17.68,0.0,0,0.0,1.0,0,0
17.69,0.0,0,0.0,1.0,0,0
17.7,0.0,0,0.0,1.0,0,0
17.71,0.0,0,0.0,1.0,0,0
17.72,0.0,0,0.0,1.0,0,0
17.73,0.0,0,0.0,1.0,0,0
17.74,0.0,0,0.0,1.0,0,0
17.75,0.0,0,0.0,1.0,0,0
17.76,0.0,0,0.0,1.0,0,0
17.77,0.0,0,0.0,1.0,0,0
17.78,0.0,0,0.0,1.0,0,0
17.79,0.0,0,0.0,1.0,0,0
17.8,0.0,0,0.0,1.0,0,0
17.81,0.0,0,0.0,1.0,0,0
17.82,0.0,0,0.0,1.0,0,0
17.83,0.0,0,0.0,1.0,0,0
17.84,0.0,0,0.0,1.0,0,0
17.85,0.0,0,0.0,1.0,0,0
17.86,0.0,0,0.0,1.0,0,0
17.87,0.0,0,0.0,1.0,0,0
17.88,0.0,0,0.0,1.0,0,0
17.89,0.0,0,0.0,1.0,0,0
17.9,0.0,0,0.0,1.0,0,0
17.91,0.0,0,0.0,1.0,0,0
17.92,0.0,0,0.0,1.0,0,0
17.93,0.0,0,0.0,1.0,0,0
17.94,0.0,0,0.0,1.0,0,0
17.95,0.0,0,0.0,1.0,0,0
17.96,0.0,0,0.0,1.0,0,0
17.97,0.0,0,0.0,1.0,0,0
17.98,0.0,0,0.0,1.0,0,0
17.99,0.0,0,0.0,1.0,0,0
18.0,0.0,0,0.0,1.0,0,0
18.01,0.0,0,0.0,1.0,0,0
18.02,0.0,0,0.0,1.0,0,0
18.03,0.0,0,0.0,1.0,0,0
18.04,0.0,0,0.0,1.0,0,0
18.05,0.0,0,0.0,1.0,0,0
18.06,0.0,0,0.0,1.0,0,0
18.07,0.0,0,0.0,1.0,0,0
18.08,0.0,0,0.0,1.0,0,0
18.09,0.0,0,0.0,1.0,0,0
18.1,0.0,0,0.0,1.0,0,0
18.11,0.0,0,0.0,1.0,0,0
18.12,0.0,0,0.0,1.0,0,0
18.13,0.0,0,0.0,1.0,0,0
18.14,0.0,0,0.0,1.0,0,0
18.15,0.0,0,0.0,1.0,0,0
18.16,0.0,0,0.0,1.0,0,0
18.17,0.0,0,0.0,1.0,0,0
18.18,0.0,0,0.0,1.0,0,0
18.19,0.0,0,0.0,1.0,0,0
18.2,0.0,0,0.0,1.0,0,0
18.21,0.0,0,0.0,1.0,0,0
18.22,0.0,0,0.0,1.0,0,0
18.23,0.0,0,0.0,1.0,0,0
18.24,0.0,0,0.0,1.0,0,0
18.25,0.0,0,0.0,1.0,0,0
18.26,0.0,0,0.0,1.0,0,0
18.27,0.0,0,0.0,1.0,0,0
18.28,0.0,0,0.0,1.0,0,0
18.29,0.0,0,0.0,1.0,0,0
18.3,0.0,0,0.0,1.0,0,0
18.31,0.0,0,0.0,1.0,0,0
18.32,0.0,0,0.0,1.0,0,0
18.33,0.0,0,0.0,1.0,0,0
18.34,0.0,0,0.0,1.0,0,0
18.35,0.0,0,0.0,1.0,0,0
18.36,0.0,0,0.0,1.0,0,0
18.37,0.0,0,0.0,1.0,0,0
18.38,0.0,0,0.0,1.0,0,0
18.39,0.0,0,0.0,1.0,0,0
18.4,0.0,0,0.0,1.0,0,0
18.41,1.0,0,0.0,0.0,0,0
18.42,1.0,0,0.0,0.0,0,0
18.43,1.0,0,0.0,0.0,0,0
18.44,1.0,0,0.0,0.0,0,0
18.45,1.0,0,0.0,0.0,0,0
18.46,1.0,0,0.0,0.0,0,0
18.47,1.0,0,0.0,0.0,0,0
18.48,1.0,0,0.0,0.0,0,0
18.49,1.0,0,0.0,0.0,0,0
18.5,1.0,0,0.0,0.0,0,0
18.51,1.0,0,0.0,0.0,0,0
18.52,1.0,0,0.0,0.0,0,0
18.53,1.0,0,0.0,0.0,0,0
18.54,1.0,0,0.0,0.0,0,0
18.55,1.0,0,0.0,0.0,0,0
18.56,1.0,0,0.0,0.0,0,0
18.57,1.0,0,0.0,0.0,0,0
18.58,1.0,0,0.0,0.0,0,0
18.59,1.0,0,0.0,0.0,0,0
18.6,1.0,0,0.0,0.0,0,0
18.61,1.0,0,0.0,0.0,0,0
18.62,1.0,0,0.0,0.0,0,0
18.63,1.0,0,0.0,0.0,0,0
18.64,1.0,0,0.0,0.0,0,0
18.65,1.0,0,0.0,0.0,0,0
18.66,1.0,0,0.0,0.0,0,0
18.67,1.0,0,0.0,0.0,0,0
18.68,1.0,0,0.0,0.0,0,0
18.69,1.0,0,0.0,0.0,0,0
18.7,1.0,0,0.0,0.0,0,0
18.71,1.0,0,0.0,0.0,0,0
18.72,1.0,0,0.0,0.0,0,0
18.73,1.0,0,0.0,0.0,0,0
18.74,1.0,0,0.0,0.0,0,0
18.75,1.0,0,0.0,0.0,0,0
18.76,1.0,0,0.0,0.0,0,0
18.77,1.0,0,0.0,0.0,0,0
18.78,1.0,0,0.0,0.0,0,0
18.79,1.0,0,0.0,0.0,0,0
18.8,1.0,0,0.0,0.0,0,0
18.81,1.0,0,0.0,0.0,0,0
18.82,1.0,0,0.0,0.0,0,0
18.83,1.0,0,0.0,0.0,0,0
18.84,1.0,0,0.0,0.0,0,0
18.85,1.0,0,0.0,0.0,0,0
18.86,1.0,0,0.0,0.0,0,0
18.87,1.0,0,0.0,0.0,0,0
18.88,1.0,0,0.0,0.0,0,0
18.89,1.0,0,0.0,0.0,0,0
18.9,1.0,0,0.0,0.0,0,0
18.91,1.0,0,0.0,0.0,0,0
18.92,1.0,0,0.0,0.0,0,0
18.93,1.0,0,0.0,0.0,0,0
18.94,1.0,0,0.0,0.0,0,0
18.95,1.0,0,0.0,0.0,0,0
18.96,1.0,0,0.0,0.0,0,0
18.97,1.0,0,0.0,0.0,0,0
18.98,1.0,0,0.0,0.0,0,0
18.99,1.0,0,0.0,0.0,0,0
19.0,1.0,0,0.0,0.0,0,0
19.01,1.0,0,0.0,0.0,0,0
19.02,1.0,0,0.0,0.0,0,0
19.03,1.0,0,0.0,0.0,0,0
19.04,1.0,0,0.0,0.0,0,0
19.05,1.0,0,0.0,0.0,0,0
19.06,1.0,0,0.0,0.0,0,0
19.07,1.0,0,0.0,0.0,0,0
19.08,1.0,0,0.0,0.0,0,0
19.09,1.0,0,0.0,0.0,0,0
19.1,1.0,0,0.0,0.0,0,0
19.11,1.0,0,0.0,0.0,0,0
19.12,1.0,0,0.0,0.0,0,0
19.13,1.0,0,0.0,0.0,0,0
19.14,1.0,0,0.0,0.0,0,0
19.15,1.0,0,0.0,0.0,0,0
19.16,1.0,0,0.0,0.0,0,0
19.17,1.0,0,0.0,0.0,0,0
19.18,1.0,0,0.0,0.0,0,0
19.19,1.0,0,0.0,0.0,0,0
19.2,1.0,0,0.0,0.0,0,0
19.21,1.0,0,0.0,0.0,0,0
19.22,1.0,0,0.0,0.0,0,0
19.23,1.0,0,0.0,0.0,0,0
19.24,1.0,0,0.0,0.0,0,0
19.25,1.0,0,0.0,0.0,0,0
19.26,1.0,0,0.0,0.0,0,0
19.27,1.0,0,0.0,0.0,0,0
19.28,1.0,0,0.0,0.0,0,0
19.29,1.0,0,0.0,0.0,0,0
19.3,1.0,0,0.0,0.0,0,0
19.31,1.0,0,0.0,0.0,0,0
19.32,1.0,0,0.0,0.0,0,0
19.33,1.0,0,0.0,0.0,0,0
19.34,1.0,0,0.0,0.0,0,0
19.35,1.0,0,0.0,0.0,0,0
19.36,1.0,0,0.0,0.0,0,0
19.37,1.0,0,0.0,0.0,0,0
19.38,1.0,0,0.0,0.0,0,0
19.39,1.0,0,0.0,0.0,0,0
19.4,1.0,0,0.0,0.0,0,0
19.41,1.0,0,0.0,0.0,0,0
19.42,1.0,0,0.0,0.0,0,0
19.43,1.0,0,0.0,0.0,0,0
19.44,1.0,0,0.0,0.0,0,0
19.45,1.0,0,0.0,0.0,0,0
19.46,1.0,0,0.0,0.0,0,0
19.47,1.0,0,0.0,0.0,0,0
19.48,1.0,0,0.0,0.0,0,0
19.49,1.0,0,0.0,0.0,0,0
19.5,1.0,0,0.0,0.0,0,0
19.51,1.0,0,0.0,0.0,0,0
19.52,1.0,0,0.0,0.0,0,0
19.53,1.0,0,0.0,0.0,0,0
19.54,1.0,0,0.0,0.0,0,0
19.55,1.0,0,0.0,0.0,0,0
19.56,1.0,0,0.0,0.0,0,0
19.57,1.0,0,0.0,0.0,0,0
19.58,1.0,0,0.0,0.0,0,0
19.59,1.0,0,0.0,0.0,0,0
19.6,1.0,0,0.0,0.0,0,0
19.61,1.0,0,0.0,0.0,0,0
19.62,1.0,0,0.0,0.0,0,0
19.63,1.0,0,0.0,0.0,0,0
19.64,1.0,0,0.0,0.0,0,0
19.65,1.0,0,0.0,0.0,0,0
19.66,1.0,0,0.0,0.0,0,0
19.67,1.0,0,0.0,0.0,0,0
19.68,1.0,0,0.0,0.0,0,0
19.69,1.0,0,0.0,0.0,0,0
19.7,1.0,0,0.0,0.0,0,0
19.71,1.0,0,0.0,0.0,0,0
19.72,1.0,0,0.0,0.0,0,0
19.73,1.0,0,0.0,0.0,0,0
19.74,1.0,0,0.0,0.0,0,0
19.75,1.0,0,0.0,0.0,0,0
19.76,1.0,0,0.0,0.0,0,0
19.77,1.0,0,0.0,0.0,0,0
19.78,1.0,0,0.0,0.0,0,0
19.79,1.0,0,0.0,0.0,0,0
19.8,1.0,0,0.0,0.0,0,0
19.81,1.0,0,0.0,0.0,0,0
19.82,1.0,0,0.0,0.0,0,0
19.83,1.0,0,0.0,0.0,0,0
19.84,1.0,0,0.0,0.0,0,0
19.85,1.0,0,0.0,0.0,0,0
19.86,1.0,0,0.0,0.0,0,0
19.87,1.0,0,0.0,0.0,0,0
19.88,1.0,0,0.0,0.0,0,0
19.89,1.0,0,0.0,0.0,0,0
19.9,1.0,0,0.0,0.0,0,0
19.91,1.0,0,0.0,0.0,0,0
19.92,1.0,0,0.0,0.0,0,0
19.93,1.0,0,0.0,0.0,0,0
19.94,1.0,0,0.0,0.0,0,0
19.95,1.0,0,0.0,0.0,0,0
19.96,1.0,0,0.0,0.0,0,0
19.97,1.0,0,0.0,0.0,0,0
19.98,1.0,0,0.0,0.0,0,0
19.99,1.0,0,0.0,0.0,0,0
20.0,1.0,0,0.0,0.0,0,0
20.01,1.0,0,0.0,0.0,0,0
20.02,1.0,0,0.0,0.0,0,0
20.03,1.0,0,0.0,0.0,0,0
20.04,1.0,0,0.0,0.0,0,0
20.05,1.0,0,0.0,0.0,0,0
20.06,1.0,0,0.0,0.0,0,0
20.07,1.0,0,0.0,0.0,0,0
20.08,1.0,0,0.0,0.0,0,0
20.09,1.0,0,0.0,0.0,0,0
20.1,1.0,0,0.0,0.0,0,0
20.11,1.0,0,0.0,0.0,0,0
20.12,1.0,0,0.0,0.0,0,0
20.13,1.0,0,0.0,0.0,0,0
20.14,1.0,0,0.0,0.0,0,0
20.15,1.0,0,0.0,0.0,0,0
20.16,1.0,0,0.0,0.0,0,0
20.17,1.0,0,0.0,0.0,0,0
20.18,1.0,0,0.0,0.0,0,0
20.19,1.0,0,0.0,0.0,0,0
20.2,1.0,0,0.0,0.0,0,0
20.21,1.0,0,0.0,0.0,0,0
20.22,1.0,0,0.0,0.0,0,0
20.23,1.0,0,0.0,0.0,0,0
20.24,1.0,0,0.0,0.0,0,0
20.25,1.0,0,0.0,0.0,0,0
20.26,1.0,0,0.0,0.0,0,0
20.27,1.0,0,0.0,0.0,0,0
20.28,1.0,0,0.0,0.0,0,0
20.29,1.0,0,0.0,0.0,0,0
20.3,1.0,0,0.0,0.0,0,0
20.31,1.0,0,0.0,0.0,0,0
20.32,1.0,0,0.0,0.0,0,0
20.33,1.0,0,0.0,0.0,0,0
20.34,1.0,0,0.0,0.0,0,0
20.35,1.0,0,0.0,0.0,0,0
20.36,1.0,0,0.0,0.0,0,0
20.37,1.0,0,0.0,0.0,0,0
20.38,1.0,0,0.0,0.0,0,0
20.39,1.0,0,0.0,0.0,0,0
20.4,1.0,0,0.0,0.0,0,0
20.41,1.0,0,0.0,0.0,0,0
20.42,1.0,0,0.0,0.0,0,0
20.43,1.0,0,0.0,0.0,0,0
20.44,1.0,0,0.0,0.0,0,0
20.45,1.0,0,0.0,0.0,0,0
20.46,1.0,0,0.0,0.0,0,0
20.47,1.0,0,0.0,0.0,0,0
20.48,1.0,0,0.0,0.0,0,0
20.49,1.0,0,0.0,0.0,0,0
20.5,1.0,0,0.0,0.0,0,0
20.51,1.0,0,0.0,0.0,0,0
20.52,1.0,0,0.0,0.0,0,0
20.53,1.0,0,0.0,0.0,0,0
20.54,1.0,0,0.0,0.0,0,0
20.55,1.0,0,0.0,0.0,0,0
20.56,1.0,0,0.0,0.0,0,0
20.57,1.0,0,0.0,0.0,0,0
20.58,1.0,0,0.0,0.0,0,0
20.59,1.0,0,0.0,0.0,0,0
20.6,1.0,0,0.0,0.0,0,0
20.61,1.0,0,0.0,0.0,0,0
20.62,1.0,0,0.0,0.0,0,0
20.63,1.0,0,0.0,0.0,0,0
20.64,1.0,0,0.0,0.0,0,0
20.65,1.0,0,0.0,0.0,0,0
20.66,1.0,0,0.0,0.0,0,0
20.67,1.0,0,0.0,0.0,0,0
20.68,1.0,0,0.0,0.0,0,0
20.69,1.0,0,0.0,0.0,0,0
20.7,1.0,0,0.0,0.0,0,0
20.71,1.0,0,0.0,0.0,0,0
20.72,1.0,0,0.0,0.0,0,0
20.73,1.0,0,0.0,0.0,0,0
20.74,1.0,0,0.0,0.0,0,0
20.75,1.0,0,0.0,0.0,0,0
20.76,1.0,0,0.0,0.0,0,0
20.77,1.0,0,0.0,0.0,0,0
20.78,1.0,0,0.0,0.0,0,0
20.79,1.0,0,0.0,0.0,0,0
20.8,1.0,0,0.0,0.0,0,0
20.81,1.0,0,0.0,0.0,0,0
20.82,1.0,0,0.0,0.0,0,0
20.83,1.0,0,0.0,0.0,0,0
20.84,1.0,0,0.0,0.0,0,0
20.85,1.0,0,0.0,0.0,0,0
20.86,1.0,0,0.0,0.0,0,0
20.87,1.0,0,0.0,0.0,0,0
20.88,1.0,0,0.0,0.0,0,0
20.89,1.0,0,0.0,0.0,0,0
20.9,1.0,0,0.0,0.0,0,0
20.91,1.0,0,0.0,0.0,0,0
20.92,1.0,0,0.0,0.0,0,0
20.93,1.0,0,0.0,0.0,0,0
20.94,1.0,0,0.0,0.0,0,0
20.95,1.0,0,0.0,0.0,0,0
20.96,1.0,0,0.0,0.0,0,0
20.97,1.0,0,0.0,0.0,0,0
20.98,1.0,0,0.0,0.0,0,0
20.99,1.0,0,0.0,0.0,0,0
21.0,1.0,0,0.0,0.0,0,0
21.01,1.0,0,0.0,0.0,0,0
21.02,1.0,0,0.0,0.0,0,0
21.03,1.0,0,0.0,0.0,0,0
21.04,1.0,0,0.0,0.0,0,0
21.05,1.0,0,0.0,0.0,0,0
21.06,1.0,0,0.0,0.0,0,0
21.07,1.0,0,0.0,0.0,0,0
21.08,1.0,0,0.0,0.0,0,0
21.09,1.0,0,0.0,0.0,0,0
21.1,1.0,0,0.0,0.0,0,0
21.11,1.0,0,0.0,0.0,0,0
21.12,1.0,0,0.0,0.0,0,0
21.13,1.0,0,0.0,0.0,0,0
21.14,1.0,0,0.0,0.0,0,0
21.15,1.0,0,0.0,0.0,0,0
21.16,1.0,0,0.0,0.0,0,0
21.17,1.0,0,0.0,0.0,0,0
21.18,1.0,0,0.0,0.0,0,0
21.19,1.0,0,0.0,0.0,0,0
21.2,1.0,0,0.0,0.0,0,0
21.21,1.0,0,0.0,0.0,0,0
21.22,1.0,0,0.0,0.0,0,0
21.23,1.0,0,0.0,0.0,0,0
21.24,1.0,0,0.0,0.0,0,0
21.25,1.0,0,0.0,0.0,0,0
21.26,1.0,0,0.0,0.0,0,0
21.27,1.0,0,0.0,0.0,0,0
21.28,1.0,0,0.0,0.0,0,0
21.29,1.0,0,0.0,0.0,0,0
21.3,1.0,0,0.0,0.0,0,0
21.31,1.0,0,0.0,0.0,0,0
21.32,1.0,0,0.0,0.0,0,0
21.33,1.0,0,0.0,0.0,0,0
21.34,1.0,0,0.0,0.0,0,0
21.35,1.0,0,0.0,0.0,0,0
21.36,1.0,0,0.0,0.0,0,0
21.37,1.0,0,0.0,0.0,0,0
21.38,1.0,0,0.0,0.0,0,0
21.39,1.0,0,0.0,0.0,0,0
21.4,1.0,0,0.0,0.0,0,0
21.41,1.0,0,0.0,0.0,0,0
21.42,1.0,0,0.0,0.0,0,0
21.43,1.0,0,0.0,0.0,0,0
21.44,1.0,0,0.0,0.0,0,0
21.45,1.0,0,0.0,0.0,0,0
21.46,1.0,0,0.0,0.0,0,0
21.47,1.0,0,0.0,0.0,0,0
21.48,1.0,0,0.0,0.0,0,0
21.49,1.0,0,0.0,0.0,0,0
21.5,1.0,0,0.0,0.0,0,0
21.51,1.0,0,0.0,0.0,0,0
21.52,1.0,0,0.0,0.0,0,0
21.53,1.0,0,0.0,0.0,0,0
21.54,1.0,0,0.0,0.0,0,0
21.55,1.0,0,0.0,0.0,0,0
21.56,1.0,0,0.0,0.0,0,0
21.57,1.0,0,0.0,0.0,0,0
21.58,1.0,0,0.0,0.0,0,0
21.59,1.0,0,0.0,0.0,0,0
21.6,1.0,0,0.0,0.0,0,0
21.61,1.0,0,0.0,0.0,0,0
21.62,1.0,0,0.0,0.0,0,0
21.63,1.0,0,0.0,0.0,0,0
21.64,1.0,0,0.0,0.0,0,0
21.65,1.0,0,0.0,0.0,0,0
21.66,1.0,0,0.0,0.0,0,0
21.67,1.0,0,0.0,0.0,0,0
21.68,1.0,0,0.0,0.0,0,0
21.69,1.0,0,0.0,0.0,0,0
21.7,1.0,0,0.0,0.0,0,0
21.71,1.0,0,0.0,0.0,0,0
21.72,1.0,0,0.0,0.0,0,0
21.73,1.0,0,0.0,0.0,0,0
21.74,1.0,0,0.0,0.0,0,0
21.75,1.0,0,0.0,0.0,0,0
21.76,1.0,0,0.0,0.0,0,0
21.77,1.0,0,0.0,0.0,0,0
21.78,1.0,0,0.0,0.0,0,0
21.79,1.0,0,0.0,0.0,0,0
21.8,1.0,0,0.0,0.0,0,0
21.81,1.0,0,0.0,0.0,0,0
21.82,1.0,0,0.0,0.0,0,0
21.83,1.0,0,0.0,0.0,0,0
21.84,1.0,0,0.0,0.0,0,0
21.85,1.0,0,0.0,0.0,0,0
21.86,1.0,0,0.0,0.0,0,0
21.87,1.0,0,0.0,0.0,0,0
21.88,1.0,0,0.0,0.0,0,0
21.89,1.0,0,0.0,0.0,0,0
21.9,1.0,0,0.0,0.0,0,0
21.91,1.0,0,0.0,0.0,0,0
21.92,1.0,0,0.0,0.0,0,0
21.93,1.0,0,0.0,0.0,0,0
21.94,1.0,0,0.0,0.0,0,0
21.95,1.0,0,0.0,0.0,0,0
21.96,1.0,0,0.0,0.0,0,0
21.97,1.0,0,0.0,0.0,0,0
21.98,1.0,0,0.0,0.0,0,0
21.99,1.0,0,0.0,0.0,0,0
22.0,1.0,0,0.0,0.0,0,0
22.01,1.0,0,0.0,0.0,0,0
22.02,1.0,0,0.0,0.0,0,0
22.03,1.0,0,0.0,0.0,0,0
22.04,1.0,0,0.0,0.0,0,0
22.05,1.0,0,0.0,0.0,0,0
22.06,1.0,0,0.0,0.0,0,0
22.07,1.0,0,0.0,0.0,0,0
22.08,1.0,0,0.0,0.0,0,0
22.09,1.0,0,0.0,0.0,0,0
22.1,1.0,0,0.0,0.0,0,0
22.11,1.0,0,0.0,0.0,0,0
22.12,1.0,0,0.0,0.0,0,0
22.13,1.0,0,0.0,0.0,0,0
22.14,1.0,0,0.0,0.0,0,0
22.15,1.0,0,0.0,0.0,0,0
22.16,1.0,0,0.0,0.0,0,0
22.17,1.0,0,0.0,0.0,0,0
22.18,1.0,0,0.0,0.0,0,0
22.19,1.0,0,0.0,0.0,0,0
22.2,1.0,0,0.0,0.0,0,0
22.21,1.0,0,0.0,0.0,0,0
22.22,1.0,0,0.0,0.0,0,0
22.23,1.0,0,0.0,0.0,0,0
22.24,1.0,0,0.0,0.0,0,0
22.25,1.0,0,0.0,0.0,0,0
22.26,1.0,0,0.0,0.0,0,0
22.27,1.0,0,0.0,0.0,0,0
22.28,1.0,0,0.0,0.0,0,0
22.29,1.0,0,0.0,0.0,0,0
22.3,1.0,0,0.0,0.0,0,0
22.31,1.0,0,0.0,0.0,0,0
22.32,1.0,0,0.0,0.0,0,0
22.33,1.0,0,0.0,0.0,0,0
22.34,1.0,0,0.0,0.0,0,0
22.35,1.0,0,0.0,0.0,0,0
22.36,1.0,0,0.0,0.0,0,0
22.37,1.0,0,0.0,0.0,0,0
22.38,1.0,0,0.0,0.0,0,0
22.39,1.0,0,0.0,0.0,0,0
22.4,1.0,0,0.0,0.0,0,0
22.41,1.0,0,0.0,0.0,0,0
22.42,1.0,0,0.0,0.0,0,0
22.43,1.0,0,0.0,0.0,0,0
22.44,1.0,0,0.0,0.0,0,0
22.45,1.0,0,0.0,0.0,0,0
22.46,1.0,0,0.0,0.0,0,0
22.47,1.0,0,0.0,0.0,0,0
22.48,1.0,0,0.0,0.0,0,0
22.49,1.0,0,0.0,0.0,0,0
22.5,1.0,0,0.0,0.0,0,0
22.51,1.0,0,0.0,0.0,0,0
22.52,1.0,0,0.0,0.0,0,0
22.53,1.0,0,0.0,0.0,0,0
22.54,1.0,0,0.0,0.0,0,0
22.55,1.0,0,0.0,0.0,0,0
22.56,1.0,0,0.0,0.0,0,0
22.57,1.0,0,0.0,0.0,0,0
22.58,1.0,0,0.0,0.0,0,0
22.59,1.0,0,0.0,0.0,0,0
22.6,1.0,0,0.0,0.0,0,0
22.61,1.0,0,0.0,0.0,0,0
22.62,1.0,0,0.0,0.0,0,0
22.63,1.0,0,0.0,0.0,0,0
22.64,1.0,0,0.0,0.0,0,0
22.65,1.0,0,0.0,0.0,0,0
22.66,1.0,0,0.0,0.0,0,0
22.67,1.0,0,0.0,0.0,0,0
22.68,1.0,0,0.0,0.0,0,0
22.69,1.0,0,0.0,0.0,0,0
22.7,1.0,0,0.0,0.0,0,0
22.71,1.0,0,0.0,0.0,0,0
22.72,1.0,0,0.0,0.0,0,0
22.73,1.0,0,0.0,0.0,0,0
22.74,1.0,0,0.0,0.0,0,0
22.75,1.0,0,0.0,0.0,0,0
22.76,1.0,0,0.0,0.0,0,0
22.77,1.0,0,0.0,0.0,0,0
22.78,1.0,0,0.0,0.0,0,0
22.79,1.0,0,0.0,0.0,0,0
22.8,1.0,0,0.0,0.0,0,0
22.81,1.0,0,0.0,0.0,0,0
22.82,1.0,0,0.0,0.0,0,0
22.83,1.0,0,0.0,0.0,0,0
22.84,1.0,0,0.0,0.0,0,0
22.85,1.0,0,0.0,0.0,0,0
22.86,1.0,0,0.0,0.0,0,0
22.87,1.0,0,0.0,0.0,0,0
22.88,1.0,0,0.0,0.0,0,0
22.89,1.0,0,0.0,0.0,0,0
22.9,1.0,0,0.0,0.0,0,0
22.91,1.0,0,0.0,0.0,0,0
22.92,1.0,0,0.0,0.0,0,0
22.93,1.0,0,0.0,0.0,0,0
22.94,1.0,0,0.0,0.0,0,0
22.95,1.0,0,0.0,0.0,0,0
22.96,1.0,0,0.0,0.0,0,0
22.97,1.0,0,0.0,0.0,0,0
22.98,1.0,0,0.0,0.0,0,0
22.99,1.0,0,0.0,0.0,0,0
23.0,1.0,0,0.0,0.0,0,0
23.01,1.0,0,0.0,0.0,0,0
23.02,1.0,0,0.0,0.0,0,0
23.03,1.0,0,0.0,0.0,0,0
23.04,1.0,0,0.0,0.0,0,0
23.05,1.0,0,0.0,0.0,0,0
23.06,1.0,0,0.0,0.0,0,0
23.07,1.0,0,0.0,0.0,0,0
23.08,1.0,0,0.0,0.0,0,0
23.09,1.0,0,0.0,0.0,0,0
23.1,1.0,0,0.0,0.0,0,0
23.11,1.0,0,0.0,0.0,0,0
23.12,1.0,0,0.0,0.0,0,0
23.13,1.0,0,0.0,0.0,0,0
23.14,1.0,0,0.0,0.0,0,0
23.15,1.0,0,0.0,0.0,0,0
23.16,1.0,0,0.0,0.0,0,0
23.17,1.0,0,0.0,0.0,0,0
23.18,1.0,0,0.0,0.0,0,0
23.19,1.0,0,0.0,0.0,0,0
23.2,1.0,0,0.0,0.0,0,0
23.21,1.0,0,0.0,0.0,0,0
23.22,1.0,0,0.0,0.0,0,0
23.23,1.0,0,0.0,0.0,0,0
23.24,1.0,0,0.0,0.0,0,0
23.25,1.0,0,0.0,0.0,0,0
23.26,1.0,0,0.0,0.0,0,0
23.27,1.0,0,0.0,0.0,0,0
23.28,1.0,0,0.0,0.0,0,0
23.29,1.0,0,0.0,0.0,0,0
23.3,1.0,0,0.0,0.0,0,0
23.31,1.0,0,0.0,0.0,0,0
23.32,1.0,0,0.0,0.0,0,0
23.33,1.0,0,0.0,0.0,0,0
23.34,1.0,0,0.0,0.0,0,0
23.35,1.0,0,0.0,0.0,0,0
23.36,1.0,0,0.0,0.0,0,0
23.37,1.0,0,0.0,0.0,0,0
23.38,1.0,0,0.0,0.0,0,0
23.39,1.0,0,0.0,0.0,0,0
23.4,1.0,0,0.0,0.0,0,0
23.41,1.0,0,0.0,0.0,0,0
23.42,1.0,0,0.0,0.0,0,0
23.43,1.0,0,0.0,0.0,0,0
23.44,1.0,0,0.0,0.0,0,0
23.45,1.0,0,0.0,0.0,0,0
23.46,1.0,0,0.0,0.0,0,0
23.47,1.0,0,0.0,0.0,0,0
23.48,1.0,0,0.0,0.0,0,0
23.49,1.0,0,0.0,0.0,0,0
23.5,1.0,0,0.0,0.0,0,0
23.51,1.0,0,0.0,0.0,0,0
23.52,1.0,0,0.0,0.0,0,0
23.53,1.0,0,0.0,0.0,0,0
23.54,1.0,0,0.0,0.0,0,0
23.55,1.0,0,0.0,0.0,0,0
23.56,1.0,0,0.0,0.0,0,0
23.57,1.0,0,0.0,0.0,0,0
23.58,1.0,0,0.0,0.0,0,0
23.59,1.0,0,0.0,0.0,0,0
23.6,1.0,0,0.0,0.0,0,0
23.61,1.0,0,0.0,0.0,0,0
23.62,1.0,0,0.0,0.0,0,0
23.63,1.0,0,0.0,0.0,0,0
23.64,1.0,0,0.0,0.0,0,0
23.65,1.0,0,0.0,0.0,0,0
23.66,1.0,0,0.0,0.0,0,0
23.67,1.0,0,0.0,0.0,0,0
23.68,1.0,0,0.0,0.0,0,0
23.69,1.0,0,0.0,0.0,0,0
23.7,1.0,0,0.0,0.0,0,0
23.71,1.0,0,0.0,0.0,0,0
23.72,1.0,0,0.0,0.0,0,0
23.73,1.0,0,0.0,0.0,0,0
23.74,1.0,0,0.0,0.0,0,0
23.75,1.0,0,0.0,0.0,0,0
23.76,1.0,0,0.0,0.0,0,0
23.77,1.0,0,0.0,0.0,0,0
23.78,1.0,0,0.0,0.0,0,0
23.79,1.0,0,0.0,0.0,0,0
23.8,1.0,0,0.0,0.0,0,0
23.81,1.0,0,0.0,0.0,0,0
23.82,1.0,0,0.0,0.0,0,0
23.83,1.0,0,0.0,0.0,0,0
23.84,1.0,0,0.0,0.0,0,0
23.85,1.0,0,0.0,0.0,0,0
23.86,1.0,0,0.0,0.0,0,0
23.87,1.0,0,0.0,0.0,0,0
23.88,1.0,0,0.0,0.0,0,0
23.89,1.0,0,0.0,0.0,0,0
23.9,1.0,0,0.0,0.0,0,0
23.91,1.0,0,0.0,0.0,0,0
23.92,1.0,0,0.0,0.0,0,0
23.93,1.0,0,0.0,0.0,0,0
23.94,1.0,0,0.0,0.0,0,0
23.95,1.0,0,0.0,0.0,0,0
23.96,1.0,0,0.0,0.0,0,0
23.97,1.0,0,0.0,0.0,0,0
23.98,1.0,0,0.0,0.0,0,0
23.99,1.0,0,0.0,0.0,0,0
24.0,1.0,0,0.0,0.0,0,0
24.01,1.0,0,0.0,0.0,0,0
24.02,1.0,0,0.0,0.0,0,0
24.03,1.0,0,0.0,0.0,0,0
24.04,1.0,0,0.0,0.0,0,0
24.05,1.0,0,0.0,0.0,0,0
24.06,1.0,0,0.0,0.0,0,0
24.07,1.0,0,0.0,0.0,0,0
24.08,1.0,0,0.0,0.0,0,0
24.09,1.0,0,0.0,0.0,0,0
24.1,1.0,0,0.0,0.0,0,0
24.11,1.0,0,0.0,0.0,0,0
24.12,1.0,0,0.0,0.0,0,0
24.13,1.0,0,0.0,0.0,0,0
24.14,1.0,0,0.0,0.0,0,0
24.15,1.0,0,0.0,0.0,0,0
24.16,1.0,0,0.0,0.0,0,0
24.17,1.0,0,0.0,0.0,0,0
24.18,1.0,0,0.0,0.0,0,0
24.19,1.0,0,0.0,0.0,0,0
24.2,1.0,0,0.0,0.0,0,0
24.21,1.0,0,0.0,0.0,0,0
24.22,1.0,0,0.0,0.0,0,0
24.23,1.0,0,0.0,0.0,0,0
24.24,1.0,0,0.0,0.0,0,0
24.25,1.0,0,0.0,0.0,0,0
24.26,1.0,0,0.0,0.0,0,0
24.27,1.0,0,0.0,0.0,0,0
24.28,1.0,0,0.0,0.0,0,0
24.29,1.0,0,0.0,0.0,0,0
24.3,1.0,0,0.0,0.0,0,0
24.31,1.0,0,0.0,0.0,0,0
24.32,1.0,0,0.0,0.0,0,0
24.33,1.0,0,0.0,0.0,0,0
24.34,1.0,0,0.0,0.0,0,0
24.35,1.0,0,0.0,0.0,0,0
24.36,1.0,0,0.0,0.0,0,0
24.37,1.0,0,0.0,0.0,0,0
24.38,1.0,0,0.0,0.0,0,0
24.39,1.0,0,0.0,0.0,0,0
24.4,1.0,0,0.0,0.0,0,0
24.41,1.0,0,0.0,0.0,0,0
24.42,1.0,0,0.0,0.0,0,0
24.43,1.0,0,0.0,0.0,0,0
24.44,1.0,0,0.0,0.0,0,0
24.45,1.0,0,0.0,0.0,0,0
24.46,1.0,0,0.0,0.0,0,0
24.47,1.0,0,0.0,0.0,0,0
24.48,1.0,0,0.0,0.0,0,0
24.49,1.0,0,0.0,0.0,0,0
24.5,1.0,0,0.0,0.0,0,0
24.51,1.0,0,0.0,0.0,0,0
24.52,1.0,0,0.0,0.0,0,0
24.53,1.0,0,0.0,0.0,0,0
24.54,1.0,0,0.0,0.0,0,0
24.55,1.0,0,0.0,0.0,0,0
24.56,1.0,0,0.0,0.0,0,0
24.57,1.0,0,0.0,0.0,0,0
24.58,1.0,0,0.0,0.0,0,0
24.59,1.0,0,0.0,0.0,0,0
24.6,1.0,0,0.0,0.0,0,0
24.61,1.0,0,0.0,0.0,0,0
24.62,1.0,0,0.0,0.0,0,0
24.63,1.0,0,0.0,0.0,0,0
24.64,1.0,0,0.0,0.0,0,0
24.65,1.0,0,0.0,0.0,0,0
24.66,1.0,0,0.0,0.0,0,0
24.67,1.0,0,0.0,0.0,0,0
24.68,1.0,0,0.0,0.0,0,0
24.69,1.0,0,0.0,0.0,0,0
24.7,1.0,0,0.0,0.0,0,0
24.71,1.0,0,0.0,0.0,0,0
24.72,1.0,0,0.0,0.0,0,0
24.73,1.0,0,0.0,0.0,0,0
24.74,1.0,0,0.0,0.0,0,0
24.75,1.0,0,0.0,0.0,0,0
24.76,1.0,0,0.0,0.0,0,0
24.77,1.0,0,0.0,0.0,0,0
24.78,1.0,0,0.0,0.0,0,0
24.79,1.0,0,0.0,0.0,0,0
24.8,1.0,0,0.0,0.0,0,0
24.81,1.0,0,0.0,0.0,0,0
24.82,1.0,0,0.0,0.0,0,0
24.83,1.0,0,0.0,0.0,0,0
24.84,1.0,0,0.0,0.0,0,0
24.85,1.0,0,0.0,0.0,0,0
24.86,1.0,0,0.0,0.0,0,0
24.87,1.0,0,0.0,0.0,0,0
24.88,1.0,0,0.0,0.0,0,0
24.89,1.0,0,0.0,0.0,0,0
24.9,1.0,0,0.0,0.0,0,0
24.91,1.0,0,0.0,0.0,0,0
24.92,1.0,0,0.0,0.0,0,0
24.93,1.0,0,0.0,0.0,0,0
24.94,1.0,0,0.0,0.0,0,0
24.95,1.0,0,0.0,0.0,0,0
24.96,1.0,0,0.0,0.0,0,0
24.97,1.0,0,0.0,0.0,0,0
24.98,1.0,0,0.0,0.0,0,0
24.99,1.0,0,0.0,0.0,0,0
25.0,1.0,0,0.0,0.0,0,0
25.01,1.0,0,0.0,0.0,0,0
25.02,1.0,0,0.0,0.0,0,0
25.03,1.0,0,0.0,0.0,0,0
25.04,1.0,0,0.0,0.0,0,0
25.05,1.0,0,0.0,0.0,0,0
25.06,1.0,0,0.0,0.0,0,0
25.07,1.0,0,0.0,0.0,0,0
25.08,1.0,0,0.0,0.0,0,0
25.09,1.0,0,0.0,0.0,0,0
25.1,1.0,0,0.0,0.0,0,0
25.11,1.0,0,0.0,0.0,0,0
25.12,1.0,0,0.0,0.0,0,0
25.13,1.0,0,0.0,0.0,0,0
25.14,1.0,0,0.0,0.0,0,0
25.15,1.0,0,0.0,0.0,0,0
25.16,1.0,0,0.0,0.0,0,0
25.17,1.0,0,0.0,0.0,0,0
25.18,1.0,0,0.0,0.0,0,0
25.19,1.0,0,0.0,0.0,0,0
25.2,1.0,0,0.0,0.0,0,0
25.21,1.0,0,0.0,0.0,0,0
25.22,1.0,0,0.0,0.0,0,0
25.23,1.0,0,0.0,0.0,0,0
25.24,1.0,0,0.0,0.0,0,0
25.25,1.0,0,0.0,0.0,0,0
25.26,1.0,0,0.0,0.0,0,0
25.27,1.0,0,0.0,0.0,0,0
25.28,1.0,0,0.0,0.0,0,0
25.29,1.0,0,0.0,0.0,0,0
25.3,1.0,0,0.0,0.0,0,0
25.31,1.0,0,0.0,0.0,0,0
25.32,1.0,0,0.0,0.0,0,0
25.33,1.0,0,0.0,0.0,0,0
25.34,1.0,0,0.0,0.0,0,0
25.35,1.0,0,0.0,0.0,0,0
25.36,1.0,0,0.0,0.0,0,0
25.37,1.0,0,0.0,0.0,0,0
25.38,1.0,0,0.0,0.0,0,0
25.39,1.0,0,0.0,0.0,0,0
25.4,1.0,0,0.0,0.0,0,0
25.41,1.0,0,0.0,0.0,0,0
25.42,1.0,0,0.0,0.0,0,0
25.43,1.0,0,0.0,0.0,0,0
25.44,1.0,0,0.0,0.0,0,0
25.45,1.0,0,0.0,0.0,0,0
25.46,1.0,0,0.0,0.0,0,0
25.47,1.0,0,0.0,0.0,0,0
25.48,1.0,0,0.0,0.0,0,0
25.49,1.0,0,0.0,0.0,0,0
25.5,1.0,0,0.0,0.0,0,0
25.51,1.0,0,0.0,0.0,0,0
25.52,1.0,0,0.0,0.0,0,0
25.53,1.0,0,0.0,0.0,0,0
25.54,1.0,0,0.0,0.0,0,0
25.55,1.0,0,0.0,0.0,0,0
25.56,1.0,0,0.0,0.0,0,0
25.57,1.0,0,0.0,0.0,0,0
25.58,1.0,0,0.0,0.0,0,0
25.59,1.0,0,0.0,0.0,0,0
25.6,1.0,0,0.0,0.0,0,0
25.61,1.0,0,0.0,0.0,0,0
25.62,1.0,0,0.0,0.0,0,0
25.63,1.0,0,0.0,0.0,0,0
25.64,1.0,0,0.0,0.0,0,0
25.65,1.0,0,0.0,0.0,0,0
25.66,1.0,0,0.0,0.0,0,0
25.67,1.0,0,0.0,0.0,0,0
25.68,1.0,0,0.0,0.0,0,0
25.69,1.0,0,0.0,0.0,0,0
25.7,1.0,0,0.0,0.0,0,0
25.71,1.0,0,0.0,0.0,0,0
25.72,1.0,0,0.0,0.0,0,0
25.73,1.0,0,0.0,0.0,0,0
25.74,1.0,0,0.0,0.0,0,0
25.75,1.0,0,0.0,0.0,0,0
25.76,1.0,0,0.0,0.0,0,0
25.77,1.0,0,0.0,0.0,0,0
25.78,1.0,0,0.0,0.0,0,0
25.79,1.0,0,0.0,0.0,0,0
25.8,1.0,0,0.0,0.0,0,0
25.81,1.0,0,0.0,0.0,0,0
25.82,1.0,0,0.0,0.0,0,0
25.83,1.0,0,0.0,0.0,0,0
25.84,1.0,0,0.0,0.0,0,0
25.85,1.0,0,0.0,0.0,0,0
25.86,1.0,0,0.0,0.0,0,0
25.87,1.0,0,0.0,0.0,0,0
25.88,1.0,0,0.0,0.0,0,0
25.89,1.0,0,0.0,0.0,0,0
25.9,1.0,0,0.0,0.0,0,0
25.91,1.0,0,0.0,0.0,0,0
25.92,1.0,0,0.0,0.0,0,0
25.93,1.0,0,0.0,0.0,0,0
25.94,1.0,0,0.0,0.0,0,0
25.95,1.0,0,0.0,0.0,0,0
25.96,1.0,0,0.0,0.0,0,0
25.97,1.0,0,0.0,0.0,0,0
25.98,1.0,0,0.0,0.0,0,0
25.99,1.0,0,0.0,0.0,0,0
26.0,1.0,0,0.0,0.0,0,0
26.01,1.0,0,0.0,0.0,0,0
26.02,1.0,0,0.0,0.0,0,0
26.03,1.0,0,0.0,0.0,0,0
26.04,1.0,0,0.0,0.0,0,0
26.05,1.0,0,0.0,0.0,0,0
26.06,1.0,0,0.0,0.0,0,0
26.07,1.0,0,0.0,0.0,0,0
26.08,1.0,0,0.0,0.0,0,0
26.09,1.0,0,0.0,0.0,0,0
26.1,1.0,0,0.0,0.0,0,0
26.11,1.0,0,0.0,0.0,0,0
26.12,1.0,0,0.0,0.0,0,0
26.13,1.0,0,0.0,0.0,0,0
26.14,1.0,0,0.0,0.0,0,0
26.15,1.0,0,0.0,0.0,0,0
26.16,1.0,0,0.0,0.0,0,0
26.17,1.0,0,0.0,0.0,0,0
26.18,1.0,0,0.0,0.0,0,0
26.19,1.0,0,0.0,0.0,0,0
26.2,1.0,0,0.0,0.0,0,0
26.21,1.0,0,0.0,0.0,0,0
26.22,1.0,0,0.0,0.0,0,0
26.23,1.0,0,0.0,0.0,0,0
26.24,1.0,0,0.0,0.0,0,0
26.25,1.0,0,0.0,0.0,0,0
26.26,1.0,0,0.0,0.0,0,0
26.27,1.0,0,0.0,0.0,0,0
26.28,1.0,0,0.0,0.0,0,0
26.29,1.0,0,0.0,0.0,0,0
26.3,1.0,0,0.0,0.0,0,0
26.31,1.0,0,0.0,0.0,0,0
26.32,1.0,0,0.0,0.0,0,0
26.33,1.0,0,0.0,0.0,0,0
26.34,1.0,0,0.0,0.0,0,0
26.35,1.0,0,0.0,0.0,0,0
26.36,1.0,0,0.0,0.0,0,0
26.37,1.0,0,0.0,0.0,0,0
26.38,1.0,0,0.0,0.0,0,0
26.39,1.0,0,0.0,0.0,0,0
26.4,1.0,0,0.0,0.0,0,0
26.41,1.0,0,0.0,0.0,0,0
26.42,1.0,0,0.0,0.0,0,0
26.43,1.0,0,0.0,0.0,0,0
26.44,1.0,0,0.0,0.0,0,0
26.45,1.0,0,0.0,0.0,0,0
26.46,1.0,0,0.0,0.0,0,0
26.47,1.0,0,0.0,0.0,0,0
26.48,1.0,0,0.0,0.0,0,0
26.49,1.0,0,0.0,0.0,0,0
26.5,1.0,0,0.0,0.0,0,0
26.51,1.0,0,0.0,0.0,0,0
26.52,1.0,0,0.0,0.0,0,0
26.53,1.0,0,0.0,0.0,0,0
26.54,1.0,0,0.0,0.0,0,0
26.55,1.0,0,0.0,0.0,0,0
26.56,1.0,0,0.0,0.0,0,0
26.57,1.0,0,0.0,0.0,0,0
26.58,1.0,0,0.0,0.0,0,0
26.59,1.0,0,0.0,0.0,0,0
26.6,1.0,0,0.0,0.0,0,0
26.61,1.0,0,0.0,0.0,0,0
26.62,1.0,0,0.0,0.0,0,0
26.63,1.0,0,0.0,0.0,0,0
26.64,1.0,0,0.0,0.0,0,0
26.65,1.0,0,0.0,0.0,0,0
26.66,1.0,0,0.0,0.0,0,0
26.67,1.0,0,0.0,0.0,0,0
26.68,1.0,0,0.0,0.0,0,0
26.69,1.0,0,0.0,0.0,0,0
26.7,1.0,0,0.0,0.0,0,0
26.71,1.0,0,0.0,0.0,0,0
26.72,1.0,0,0.0,0.0,0,0
26.73,1.0,0,0.0,0.0,0,0
26.74,1.0,0,0.0,0.0,0,0
26.75,1.0,0,0.0,0.0,0,0
26.76,1.0,0,0.0,0.0,0,0
26.77,1.0,0,0.0,0.0,0,0
26.78,1.0,0,0.0,0.0,0,0
26.79,1.0,0,0.0,0.0,0,0
26.8,1.0,0,0.0,0.0,0,0
26.81,1.0,0,0.0,0.0,0,0
26.82,1.0,0,0.0,0.0,0,0
26.83,1.0,0,0.0,0.0,0,0
26.84,1.0,0,0.0,0.0,0,0
26.85,1.0,0,0.0,0.0,0,0
26.86,1.0,0,0.0,0.0,0,0
26.87,1.0,0,0.0,0.0,0,0
26.88,1.0,0,0.0,0.0,0,0
26.89,1.0,0,0.0,0.0,0,0
26.9,1.0,0,0.0,0.0,0,0
26.91,1.0,0,0.0,0.0,0,0
26.92,1.0,0,0.0,0.0,0,0
26.93,1.0,0,0.0,0.0,0,0
26.94,1.0,0,0.0,0.0,0,0
26.95,1.0,0,0.0,0.0,0,0
26.96,1.0,0,0.0,0.0,0,0
26.97,1.0,0,0.0,0.0,0,0
26.98,1.0,0,0.0,0.0,0,0
26.99,1.0,0,0.0,0.0,0,0
27.0,1.0,0,0.0,0.0,0,0
27.01,1.0,0,0.0,0.0,0,0
27.02,1.0,0,0.0,0.0,0,0
27.03,1.0,0,0.0,0.0,0,0
27.04,1.0,0,0.0,0.0,0,0
27.05,1.0,0,0.0,0.0,0,0
27.06,1.0,0,0.0,0.0,0,0
27.07,1.0,0,0.0,0.0,0,0
27.08,1.0,0,0.0,0.0,0,0
27.09,1.0,0,0.0,0.0,0,0
27.1,1.0,0,0.0,0.0,0,0
27.11,1.0,0,0.0,0.0,0,0
27.12,1.0,0,0.0,0.0,0,0
27.13,1.0,0,0.0,0.0,0,0
27.14,1.0,0,0.0,0.0,0,0
27.15,1.0,0,0.0,0.0,0,0
27.16,1.0,0,0.0,0.0,0,0
27.17,1.0,0,0.0,0.0,0,0
27.18,1.0,0,0.0,0.0,0,0
27.19,1.0,0,0.0,0.0,0,0
27.2,1.0,0,0.0,0.0,0,0
27.21,1.0,0,0.0,0.0,0,0
27.22,1.0,0,0.0,0.0,0,0
27.23,1.0,0,0.0,0.0,0,0
27.24,1.0,0,0.0,0.0,0,0
27.25,1.0,0,0.0,0.0,0,0
27.26,1.0,0,0.0,0.0,0,0
27.27,1.0,0,0.0,0.0,0,0
27.28,1.0,0,0.0,0.0,0,0
27.29,1.0,0,0.0,0.0,0,0
27.3,1.0,0,0.0,0.0,0,0
27.31,1.0,0,0.0,0.0,0,0
27.32,1.0,0,0.0,0.0,0,0
27.33,1.0,0,0.0,0.0,0,0
27.34,1.0,0,0.0,0.0,0,0
27.35,1.0,0,0.0,0.0,0,0
27.36,1.0,0,0.0,0.0,0,0
27.37,1.0,0,0.0,0.0,0,0
27.38,1.0,0,0.0,0.0,0,0
27.39,1.0,0,0.0,0.0,0,0
27.4,1.0,0,0.0,0.0,0,0
27.41,1.0,0,0.0,0.0,0,0
27.42,1.0,0,0.0,0.0,0,0
27.43,1.0,0,0.0,0.0,0,0
27.44,1.0,0,0.0,0.0,0,0
27.45,1.0,0,0.0,0.0,0,0
27.46,1.0,0,0.0,0.0,0,0
27.47,1.0,0,0.0,0.0,0,0
27.48,1.0,0,0.0,0.0,0,0
27.49,1.0,0,0.0,0.0,0,0
27.5,1.0,0,0.0,0.0,0,0
27.51,1.0,0,0.0,0.0,0,0
27.52,1.0,0,0.0,0.0,0,0
27.53,1.0,0,0.0,0.0,0,0
27.54,1.0,0,0.0,0.0,0,0
27.55,1.0,0,0.0,0.0,0,0
27.56,1.0,0,0.0,0.0,0,0
27.57,1.0,0,0.0,0.0,0,0
27.58,1.0,0,0.0,0.0,0,0
27.59,1.0,0,0.0,0.0,0,0
27.6,1.0,0,0.0,0.0,0,0
27.61,1.0,0,0.0,0.0,0,0
27.62,1.0,0,0.0,0.0,0,0
27.63,1.0,0,0.0,0.0,0,0
27.64,1.0,0,0.0,0.0,0,0
27.65,1.0,0,0.0,0.0,0,0
27.66,1.0,0,0.0,0.0,0,0
27.67,1.0,0,0.0,0.0,0,0
27.68,1.0,0,0.0,0.0,0,0
27.69,1.0,0,0.0,0.0,0,0
27.7,1.0,0,0.0,0.0,0,0
27.71,1.0,0,0.0,0.0,0,0
27.72,1.0,0,0.0,0.0,0,0
27.73,1.0,0,0.0,0.0,0,0
27.74,1.0,0,0.0,0.0,0,0
27.75,1.0,0,0.0,0.0,0,0
27.76,1.0,0,0.0,0.0,0,0
27.77,1.0,0,0.0,0.0,0,0
27.78,1.0,0,0.0,0.0,0,0
27.79,1.0,0,0.0,0.0,0,0
27.8,1.0,0,0.0,0.0,0,0
27.81,1.0,0,0.0,0.0,0,0
27.82,1.0,0,0.0,0.0,0,0
27.83,1.0,0,0.0,0.0,0,0
27.84,1.0,0,0.0,0.0,0,0
27.85,1.0,0,0.0,0.0,0,0
27.86,1.0,0,0.0,0.0,0,0
27.87,1.0,0,0.0,0.0,0,0
27.88,1.0,0,0.0,0.0,0,0
27.89,1.0,0,0.0,0.0,0,0
27.9,1.0,0,0.0,0.0,0,0
27.91,1.0,0,0.0,0.0,0,0
27.92,1.0,0,0.0,0.0,0,0
27.93,1.0,0,0.0,0.0,0,0
27.94,1.0,0,0.0,0.0,0,0
27.95,1.0,0,0.0,0.0,0,0
27.96,1.0,0,0.0,0.0,0,0
27.97,1.0,0,0.0,0.0,0,0
27.98,1.0,0,0.0,0.0,0,0
27.99,1.0,0,0.0,0.0,0,0
28.0,1.0,0,0.0,0.0,0,0
28.01,1.0,0,0.0,0.0,0,0
28.02,1.0,0,0.0,0.0,0,0
28.03,1.0,0,0.0,0.0,0,0
28.04,1.0,0,0.0,0.0,0,0
28.05,1.0,0,0.0,0.0,0,0
28.06,1.0,0,0.0,0.0,0,0
28.07,1.0,0,0.0,0.0,0,0
28.08,1.0,0,0.0,0.0,0,0
28.09,1.0,0,0.0,0.0,0,0
28.1,1.0,0,0.0,0.0,0,0
28.11,1.0,0,0.0,0.0,0,0
28.12,1.0,0,0.0,0.0,0,0
28.13,1.0,0,0.0,0.0,0,0
28.14,1.0,0,0.0,0.0,0,0
28.15,1.0,0,0.0,0.0,0,0
28.16,1.0,0,0.0,0.0,0,0
28.17,1.0,0,0.0,0.0,0,0
28.18,1.0,0,0.0,0.0,0,0
28.19,1.0,0,0.0,0.0,0,0
28.2,1.0,0,0.0,0.0,0,0
28.21,1.0,0,0.0,0.0,0,0
28.22,1.0,0,0.0,0.0,0,0
28.23,1.0,0,0.0,0.0,0,0
28.24,1.0,0,0.0,0.0,0,0
28.25,1.0,0,0.0,0.0,0,0
28.26,1.0,0,0.0,0.0,0,0
28.27,1.0,0,0.0,0.0,0,0
28.28,1.0,0,0.0,0.0,0,0
28.29,1.0,0,0.0,0.0,0,0
28.3,1.0,0,0.0,0.0,0,0
28.31,1.0,0,0.0,0.0,0,0
28.32,1.0,0,0.0,0.0,0,0
28.33,1.0,0,0.0,0.0,0,0
28.34,1.0,0,0.0,0.0,0,0
28.35,1.0,0,0.0,0.0,0,0
28.36,1.0,0,0.0,0.0,0,0
28.37,1.0,0,0.0,0.0,0,0
28.38,1.0,0,0.0,0.0,0,0
28.39,1.0,0,0.0,0.0,0,0
28.4,1.0,0,0.0,0.0,0,0
28.41,1.0,0,0.0,0.0,0,0
28.42,1.0,0,0.0,0.0,0,0
28.43,1.0,0,0.0,0.0,0,0
28.44,1.0,0,0.0,0.0,0,0
28.45,1.0,0,0.0,0.0,0,0
28.46,1.0,0,0.0,0.0,0,0
28.47,1.0,0,0.0,0.0,0,0
28.48,1.0,0,0.0,0.0,0,0
28.49,1.0,0,0.0,0.0,0,0
28.5,1.0,0,0.0,0.0,0,0
28.51,1.0,0,0.0,0.0,0,0
28.52,1.0,0,0.0,0.0,0,0
28.53,1.0,0,0.0,0.0,0,0
28.54,1.0,0,0.0,0.0,0,0
28.55,1.0,0,0.0,0.0,0,0
28.56,1.0,0,0.0,0.0,0,0
28.57,1.0,0,0.0,0.0,0,0
28.58,1.0,0,0.0,0.0,0,0
28.59,1.0,0,0.0,0.0,0,0
28.6,1.0,0,0.0,0.0,0,0
28.61,1.0,0,0.0,0.0,0,0
28.62,1.0,0,0.0,0.0,0,0
28.63,1.0,0,0.0,0.0,0,0
28.64,1.0,0,0.0,0.0,0,0
28.65,1.0,0,0.0,0.0,0,0
28.66,1.0,0,0.0,0.0,0,0
28.67,1.0,0,0.0,0.0,0,0
28.68,1.0,0,0.0,0.0,0,0
28.69,1.0,0,0.0,0.0,0,0
28.7,1.0,0,0.0,0.0,0,0
28.71,1.0,0,0.0,0.0,0,0
28.72,1.0,0,0.0,0.0,0,0
28.73,1.0,0,0.0,0.0,0,0
28.74,1.0,0,0.0,0.0,0,0
28.75,1.0,0,0.0,0.0,0,0
28.76,1.0,0,0.0,0.0,0,0
28.77,1.0,0,0.0,0.0,0,0
28.78,1.0,0,0.0,0.0,0,0
28.79,1.0,0,0.0,0.0,0,0
28.8,1.0,0,0.0,0.0,0,0
28.81,1.0,0,0.0,0.0,0,0
28.82,1.0,0,0.0,0.0,0,0
28.83,1.0,0,0.0,0.0,0,0
28.84,1.0,0,0.0,0.0,0,0
28.85,1.0,0,0.0,0.0,0,0
28.86,1.0,0,0.0,0.0,0,0
28.87,1.0,0,0.0,0.0,0,0
28.88,1.0,0,0.0,0.0,0,0
28.89,1.0,0,0.0,0.0,0,0
28.9,1.0,0,0.0,0.0,0,0
28.91,1.0,0,0.0,0.0,0,0
28.92,1.0,0,0.0,0.0,0,0
28.93,1.0,0,0.0,0.0,0,0
28.94,1.0,0,0.0,0.0,0,0
28.95,1.0,0,0.0,0.0,0,0
28.96,1.0,0,0.0,0.0,0,0
28.97,1.0,0,0.0,0.0,0,0
28.98,1.0,0,0.0,0.0,0,0
28.99,1.0,0,0.0,0.0,0,0
29.0,1.0,0,0.0,0.0,0,0
29.01,1.0,0,0.0,0.0,0,0
29.02,1.0,0,0.0,0.0,0,0
29.03,1.0,0,0.0,0.0,0,0
29.04,1.0,0,0.0,0.0,0,0
29.05,1.0,0,0.0,0.0,0,0
29.06,1.0,0,0.0,0.0,0,0
29.07,1.0,0,0.0,0.0,0,0
29.08,1.0,0,0.0,0.0,0,0
29.09,1.0,0,0.0,0.0,0,0
29.1,1.0,0,0.0,0.0,0,0
29.11,1.0,0,0.0,0.0,0,0
29.12,1.0,0,0.0,0.0,0,0
29.13,1.0,0,0.0,0.0,0,0
29.14,1.0,0,0.0,0.0,0,0
29.15,1.0,0,0.0,0.0,0,0
29.16,1.0,0,0.0,0.0,0,0
29.17,1.0,0,0.0,0.0,0,0
29.18,1.0,0,0.0,0.0,0,0
29.19,1.0,0,0.0,0.0,0,0
29.2,1.0,0,0.0,0.0,0,0
29.21,1.0,0,0.0,0.0,0,0
29.22,1.0,0,0.0,0.0,0,0
29.23,1.0,0,0.0,0.0,0,0
29.24,1.0,0,0.0,0.0,0,0
29.25,1.0,0,0.0,0.0,0,0
29.26,1.0,0,0.0,0.0,0,0
29.27,1.0,0,0.0,0.0,0,0
29.28,1.0,0,0.0,0.0,0,0
29.29,1.0,0,0.0,0.0,0,0
29.3,1.0,0,0.0,0.0,0,0
29.31,1.0,0,0.0,0.0,0,0
29.32,1.0,0,0.0,0.0,0,0
29.33,1.0,0,0.0,0.0,0,0
29.34,1.0,0,0.0,0.0,0,0
29.35,1.0,0,0.0,0.0,0,0
29.36,1.0,0,0.0,0.0,0,0
29.37,1.0,0,0.0,0.0,0,0
29.38,1.0,0,0.0,0.0,0,0
29.39,1.0,0,0.0,0.0,0,0
29.4,1.0,0,0.0,0.0,0,0
29.41,1.0,0,0.0,0.0,0,0
29.42,1.0,0,0.0,0.0,0,0
29.43,1.0,0,0.0,0.0,0,0
29.44,1.0,0,0.0,0.0,0,0
29.45,1.0,0,0.0,0.0,0,0
29.46,1.0,0,0.0,0.0,0,0
29.47,1.0,0,0.0,0.0,0,0
29.48,1.0,0,0.0,0.0,0,0
29.49,1.0,0,0.0,0.0,0,0
29.5,1.0,0,0.0,0.0,0,0
29.51,1.0,0,0.0,0.0,0,0
29.52,1.0,0,0.0,0.0,0,0
29.53,1.0,0,0.0,0.0,0,0
29.54,1.0,0,0.0,0.0,0,0
29.55,1.0,0,0.0,0.0,0,0
29.56,1.0,0,0.0,0.0,0,0
29.57,1.0,0,0.0,0.0,0,0
29.58,1.0,0,0.0,0.0,0,0
29.59,1.0,0,0.0,0.0,0,0
29.6,1.0,0,0.0,0.0,0,0
29.61,1.0,0,0.0,0.0,0,0
29.62,1.0,0,0.0,0.0,0,0
29.63,1.0,0,0.0,0.0,0,0
29.64,1.0,0,0.0,0.0,0,0
29.65,1.0,0,0.0,0.0,0,0
29.66,1.0,0,0.0,0.0,0,0
29.67,1.0,0,0.0,0.0,0,0
29.68,1.0,0,0.0,0.0,0,0
29.69,1.0,0,0.0,0.0,0,0
29.7,1.0,0,0.0,0.0,0,0
29.71,1.0,0,0.0,0.0,0,0
29.72,1.0,0,0.0,0.0,0,0
29.73,1.0,0,0.0,0.0,0,0
29.74,1.0,0,0.0,0.0,0,0
29.75,1.0,0,0.0,0.0,0,0
29.76,1.0,0,0.0,0.0,0,0
29.77,1.0,0,0.0,0.0,0,0
29.78,1.0,0,0.0,0.0,0,0
29.79,1.0,0,0.0,0.0,0,0
29.8,1.0,0,0.0,0.0,0,0
29.81,1.0,0,0.0,0.0,0,0
29.82,1.0,0,0.0,0.0,0,0
29.83,1.0,0,0.0,0.0,0,0
29.84,1.0,0,0.0,0.0,0,0
29.85,1.0,0,0.0,0.0,0,0
29.86,1.0,0,0.0,0.0,0,0
29.87,1.0,0,0.0,0.0,0,0
29.88,1.0,0,0.0,0.0,0,0
29.89,1.0,0,0.0,0.0,0,0
29.9,1.0,0,0.0,0.0,0,0
29.91,1.0,0,0.0,0.0,0,0
29.92,1.0,0,0.0,0.0,0,0
29.93,1.0,0,0.0,0.0,0,0
29.94,1.0,0,0.0,0.0,0,0
29.95,1.0,0,0.0,0.0,0,0
29.96,1.0,0,0.0,0.0,0,0
29.97,1.0,0,0.0,0.0,0,0
29.98,1.0,0,0.0,0.0,0,0
29.99,1.0,0,0.0,0.0,0,0
30.0,1.0,0,0.0,0.0,0,0
30.01,1.0,0,0.0,0.0,0,0
30.02,1.0,0,0.0,0.0,0,0
30.03,1.0,0,0.0,0.0,0,0
30.04,1.0,0,0.0,0.0,0,0
30.05,1.0,0,0.0,0.0,0,0
30.06,1.0,0,0.0,0.0,0,0
30.07,1.0,0,0.0,0.0,0,0
30.08,1.0,0,0.0,0.0,0,0
30.09,1.0,0,0.0,0.0,0,0
30.1,1.0,0,0.0,0.0,0,0
30.11,1.0,0,0.0,0.0,0,0
30.12,1.0,0,0.0,0.0,0,0
30.13,1.0,0,0.0,0.0,0,0
30.14,1.0,0,0.0,0.0,0,0
30.15,1.0,0,0.0,0.0,0,0
30.16,1.0,0,0.0,0.0,0,0
30.17,1.0,0,0.0,0.0,0,0
30.18,1.0,0,0.0,0.0,0,0
30.19,1.0,0,0.0,0.0,0,0
30.2,1.0,0,0.0,0.0,0,0
30.21,1.0,0,0.0,0.0,0,0
30.22,1.0,0,0.0,0.0,0,0
30.23,1.0,0,0.0,0.0,0,0
30.24,1.0,0,0.0,0.0,0,0
30.25,1.0,0,0.0,0.0,0,0
30.26,1.0,0,0.0,0.0,0,0
30.27,1.0,0,0.0,0.0,0,0
30.28,1.0,0,0.0,0.0,0,0
30.29,1.0,0,0.0,0.0,0,0
30.3,1.0,0,0.0,0.0,0,0
30.31,1.0,0,0.0,0.0,0,0
30.32,1.0,0,0.0,0.0,0,0
30.33,1.0,0,0.0,0.0,0,0
30.34,1.0,0,0.0,0.0,0,0
30.35,1.0,0,0.0,0.0,0,0
30.36,1.0,0,0.0,0.0,0,0
30.37,1.0,0,0.0,0.0,0,0
30.38,1.0,0,0.0,0.0,0,0
30.39,1.0,0,0.0,0.0,0,0
30.4,1.0,0,0.0,0.0,0,0
30.41,1.0,0,0.0,0.0,0,0
30.42,1.0,0,0.0,0.0,0,0
30.43,1.0,0,0.0,0.0,0,0
30.44,1.0,0,0.0,0.0,0,0
30.45,1.0,0,0.0,0.0,0,0
30.46,1.0,0,0.0,0.0,0,0
30.47,1.0,0,0.0,0.0,0,0
30.48,1.0,0,0.0,0.0,0,0
30.49,1.0,0,0.0,0.0,0,0
30.5,1.0,0,0.0,0.0,0,0
30.51,1.0,0,0.0,0.0,0,0
30.52,1.0,0,0.0,0.0,0,0
30.53,1.0,0,0.0,0.0,0,0
30.54,1.0,0,0.0,0.0,0,0
30.55,1.0,0,0.0,0.0,0,0
30.56,1.0,0,0.0,0.0,0,0
30.57,1.0,0,0.0,0.0,0,0
30.58,1.0,0,0.0,0.0,0,0
30.59,1.0,0,0.0,0.0,0,0
30.6,1.0,0,0.0,0.0,0,0
30.61,1.0,0,0.0,0.0,0,0
30.62,1.0,0,0.0,0.0,0,0
30.63,1.0,0,0.0,0.0,0,0
30.64,1.0,0,0.0,0.0,0,0
30.65,1.0,0,0.0,0.0,0,0
30.66,1.0,0,0.0,0.0,0,0
30.67,1.0,0,0.0,0.0,0,0
30.68,1.0,0,0.0,0.0,0,0
30.69,1.0,0,0.0,0.0,0,0
30.7,1.0,0,0.0,0.0,0,0
30.71,1.0,0,0.0,0.0,0,0
30.72,1.0,0,0.0,0.0,0,0
30.73,1.0,0,0.0,0.0,0,0
30.74,1.0,0,0.0,0.0,0,0
30.75,1.0,0,0.0,0.0,0,0
30.76,1.0,0,0.0,0.0,0,0
30.77,1.0,0,0.0,0.0,0,0
30.78,1.0,0,0.0,0.0,0,0
30.79,1.0,0,0.0,0.0,0,0
30.8,1.0,0,0.0,0.0,0,0
30.81,1.0,0,0.0,0.0,0,0
30.82,1.0,0,0.0,0.0,0,0
30.83,1.0,0,0.0,0.0,0,0
30.84,1.0,0,0.0,0.0,0,0
30.85,1.0,0,0.0,0.0,0,0
30.86,1.0,0,0.0,0.0,0,0
30.87,1.0,0,0.0,0.0,0,0
30.88,1.0,0,0.0,0.0,0,0
30.89,1.0,0,0.0,0.0,0,0
30.9,1.0,0,0.0,0.0,0,0
30.91,1.0,0,0.0,0.0,0,0
30.92,1.0,0,0.0,0.0,0,0
30.93,1.0,0,0.0,0.0,0,0
30.94,1.0,0,0.0,0.0,0,0
30.95,1.0,0,0.0,0.0,0,0
30.96,1.0,0,0.0,0.0,0,0
30.97,1.0,0,0.0,0.0,0,0
30.98,1.0,0,0.0,0.0,0,0
30.99,1.0,0,0.0,0.0,0,0
31.0,1.0,0,0.0,0.0,0,0
31.01,1.0,0,0.0,0.0,0,0
31.02,1.0,0,0.0,0.0,0,0
31.03,1.0,0,0.0,0.0,0,0
31.04,1.0,0,0.0,0.0,0,0
31.05,1.0,0,0.0,0.0,0,0
31.06,1.0,0,0.0,0.0,0,0
31.07,1.0,0,0.0,0.0,0,0
31.08,1.0,0,0.0,0.0,0,0
31.09,1.0,0,0.0,0.0,0,0
31.1,1.0,0,0.0,0.0,0,0
31.11,1.0,0,0.0,0.0,0,0
31.12,1.0,0,0.0,0.0,0,0
31.13,1.0,0,0.0,0.0,0,0
31.14,1.0,0,0.0,0.0,0,0
31.15,1.0,0,0.0,0.0,0,0
31.16,1.0,0,0.0,0.0,0,0
31.17,1.0,0,0.0,0.0,0,0
31.18,1.0,0,0.0,0.0,0,0
31.19,1.0,0,0.0,0.0,0,0
31.2,1.0,0,0.0,0.0,0,0
31.21,1.0,0,0.0,0.0,0,0
31.22,1.0,0,0.0,0.0,0,0
31.23,1.0,0,0.0,0.0,0,0
31.24,1.0,0,0.0,0.0,0,0
31.25,1.0,0,0.0,0.0,0,0
31.26,1.0,0,0.0,0.0,0,0
31.27,1.0,0,0.0,0.0,0,0
31.28,1.0,0,0.0,0.0,0,0
31.29,1.0,0,0.0,0.0,0,0
31.3,1.0,0,0.0,0.0,0,0
31.31,1.0,0,0.0,0.0,0,0
31.32,1.0,0,0.0,0.0,0,0
31.33,1.0,0,0.0,0.0,0,0
31.34,1.0,0,0.0,0.0,0,0
31.35,1.0,0,0.0,0.0,0,0
31.36,1.0,0,0.0,0.0,0,0
31.37,1.0,0,0.0,0.0,0,0
31.38,1.0,0,0.0,0.0,0,0
31.39,1.0,0,0.0,0.0,0,0
31.4,1.0,0,0.0,0.0,0,0
31.41,1.0,0,0.0,0.0,0,0
31.42,1.0,0,0.0,0.0,0,0
31.43,1.0,0,0.0,0.0,0,0
31.44,1.0,0,0.0,0.0,0,0
31.45,1.0,0,0.0,0.0,0,0
31.46,1.0,0,0.0,0.0,0,0
31.47,1.0,0,0.0,0.0,0,0
31.48,1.0,0,0.0,0.0,0,0
31.49,1.0,0,0.0,0.0,0,0
31.5,1.0,0,0.0,0.0,0,0
31.51,1.0,0,0.0,0.0,0,0
31.52,1.0,0,0.0,0.0,0,0
31.53,1.0,0,0.0,0.0,0,0
31.54,1.0,0,0.0,0.0,0,0
31.55,1.0,0,0.0,0.0,0,0
31.56,1.0,0,0.0,0.0,0,0
31.57,1.0,0,0.0,0.0,0,0
31.58,1.0,0,0.0,0.0,0,0
31.59,1.0,0,0.0,0.0,0,0
31.6,1.0,0,0.0,0.0,0,0
31.61,1.0,0,0.0,0.0,0,0
31.62,1.0,0,0.0,0.0,0,0
31.63,1.0,0,0.0,0.0,0,0
31.64,1.0,0,0.0,0.0,0,0
31.65,1.0,0,0.0,0.0,0,0
31.66,1.0,0,0.0,0.0,0,0
31.67,1.0,0,0.0,0.0,0,0
31.68,1.0,0,0.0,0.0,0,0
31.69,1.0,0,0.0,0.0,0,0
31.7,1.0,0,0.0,0.0,0,0
31.71,1.0,0,0.0,0.0,0,0
31.72,1.0,0,0.0,0.0,0,0
31.73,1.0,0,0.0,0.0,0,0
31.74,1.0,0,0.0,0.0,0,0
31.75,1.0,0,0.0,0.0,0,0
31.76,1.0,0,0.0,0.0,0,0
31.77,1.0,0,0.0,0.0,0,0
31.78,1.0,0,0.0,0.0,0,0
31.79,1.0,0,0.0,0.0,0,0
31.8,1.0,0,0.0,0.0,0,0
31.81,1.0,0,0.0,0.0,0,0
31.82,1.0,0,0.0,0.0,0,0
31.83,1.0,0,0.0,0.0,0,0
31.84,1.0,0,0.0,0.0,0,0
31.85,1.0,0,0.0,0.0,0,0
31.86,1.0,0,0.0,0.0,0,0
31.87,1.0,0,0.0,0.0,0,0
31.88,1.0,0,0.0,0.0,0,0
31.89,1.0,0,0.0,0.0,0,0
31.9,1.0,0,0.0,0.0,0,0
31.91,1.0,0,0.0,0.0,0,0
31.92,1.0,0,0.0,0.0,0,0
31.93,1.0,0,0.0,0.0,0,0
31.94,1.0,0,0.0,0.0,0,0
31.95,1.0,0,0.0,0.0,0,0
31.96,1.0,0,0.0,0.0,0,0
31.97,1.0,0,0.0,0.0,0,0
31.98,1.0,0,0.0,0.0,0,0
31.99,1.0,0,0.0,0.0,0,0
32.0,1.0,0,0.0,0.0,0,0
32.01,1.0,0,0.0,0.0,0,0
32.02,1.0,0,0.0,0.0,0,0
32.03,1.0,0,0.0,0.0,0,0
32.04,1.0,0,0.0,0.0,0,0
32.05,1.0,0,0.0,0.0,0,0
32.06,1.0,0,0.0,0.0,0,0
32.07,1.0,0,0.0,0.0,0,0
32.08,1.0,0,0.0,0.0,0,0
32.09,1.0,0,0.0,0.0,0,0
32.1,1.0,0,0.0,0.0,0,0
32.11,1.0,0,0.0,0.0,0,0
32.12,1.0,0,0.0,0.0,0,0
32.13,1.0,0,0.0,0.0,0,0
32.14,1.0,0,0.0,0.0,0,0
32.15,1.0,0,0.0,0.0,0,0
32.16,1.0,0,0.0,0.0,0,0
32.17,1.0,0,0.0,0.0,0,0
32.18,1.0,0,0.0,0.0,0,0
32.19,1.0,0,0.0,0.0,0,0
32.2,1.0,0,0.0,0.0,0,0
32.21,1.0,0,0.0,0.0,0,0
32.22,1.0,0,0.0,0.0,0,0
32.23,1.0,0,0.0,0.0,0,0
32.24,1.0,0,0.0,0.0,0,0
32.25,1.0,0,0.0,0.0,0,0
32.26,1.0,0,0.0,0.0,0,0
32.27,1.0,0,0.0,0.0,0,0
32.28,1.0,0,0.0,0.0,0,0
32.29,1.0,0,0.0,0.0,0,0
32.3,1.0,0,0.0,0.0,0,0
32.31,1.0,0,0.0,0.0,0,0
32.32,1.0,0,0.0,0.0,0,0
32.33,1.0,0,0.0,0.0,0,0
32.34,1.0,0,0.0,0.0,0,0
32.35,1.0,0,0.0,0.0,0,0
32.36,1.0,0,0.0,0.0,0,0
32.37,1.0,0,0.0,0.0,0,0
32.38,1.0,0,0.0,0.0,0,0
32.39,1.0,0,0.0,0.0,0,0
32.4,1.0,0,0.0,0.0,0,0
32.41,1.0,0,0.0,0.0,0,0
32.42,1.0,0,0.0,0.0,0,0
32.43,1.0,0,0.0,0.0,0,0
32.44,1.0,0,0.0,0.0,0,0
32.45,1.0,0,0.0,0.0,0,0
32.46,1.0,0,0.0,0.0,0,0
32.47,1.0,0,0.0,0.0,0,0
32.48,1.0,0,0.0,0.0,0,0
32.49,1.0,0,0.0,0.0,0,0
32.5,1.0,0,0.0,0.0,0,0
32.51,1.0,0,0.0,0.0,0,0
32.52,1.0,0,0.0,0.0,0,0
32.53,1.0,0,0.0,0.0,0,0
32.54,1.0,0,0.0,0.0,0,0
32.55,1.0,0,0.0,0.0,0,0
32.56,1.0,0,0.0,0.0,0,0
32.57,1.0,0,0.0,0.0,0,0
32.58,1.0,0,0.0,0.0,0,0
32.59,1.0,0,0.0,0.0,0,0
32.6,1.0,0,0.0,0.0,0,0
32.61,1.0,0,0.0,0.0,0,0
32.62,1.0,0,0.0,0.0,0,0
32.63,1.0,0,0.0,0.0,0,0
32.64,1.0,0,0.0,0.0,0,0
32.65,1.0,0,0.0,0.0,0,0
32.66,1.0,0,0.0,0.0,0,0
32.67,1.0,0,0.0,0.0,0,0
32.68,1.0,0,0.0,0.0,0,0
32.69,1.0,0,0.0,0.0,0,0
32.7,1.0,0,0.0,0.0,0,0
32.71,1.0,0,0.0,0.0,0,0
32.72,1.0,0,0.0,0.0,0,0
32.73,1.0,0,0.0,0.0,0,0
32.74,1.0,0,0.0,0.0,0,0
32.75,1.0,0,0.0,0.0,0,0
32.76,1.0,0,0.0,0.0,0,0
32.77,1.0,0,0.0,0.0,0,0
32.78,1.0,0,0.0,0.0,0,0
32.79,1.0,0,0.0,0.0,0,0
32.8,1.0,0,0.0,0.0,0,0
32.81,1.0,0,0.0,0.0,0,0
32.82,1.0,0,0.0,0.0,0,0
32.83,1.0,0,0.0,0.0,0,0
32.84,1.0,0,0.0,0.0,0,0
32.85,1.0,0,0.0,0.0,0,0
32.86,1.0,0,0.0,0.0,0,0
32.87,1.0,0,0.0,0.0,0,0
32.88,1.0,0,0.0,0.0,0,0
32.89,1.0,0,0.0,0.0,0,0
32.9,1.0,0,0.0,0.0,0,0
32.91,1.0,0,0.0,0.0,0,0
32.92,1.0,0,0.0,0.0,0,0
32.93,1.0,0,0.0,0.0,0,0
32.94,1.0,0,0.0,0.0,0,0
32.95,1.0,0,0.0,0.0,0,0
32.96,1.0,0,0.0,0.0,0,0
32.97,1.0,0,0.0,0.0,0,0
32.98,1.0,0,0.0,0.0,0,0
32.99,1.0,0,0.0,0.0,0,0
33.0,1.0,0,0.0,0.0,0,0
33.01,1.0,0,0.0,0.0,0,0
33.02,1.0,0,0.0,0.0,0,0
33.03,1.0,0,0.0,0.0,0,0
33.04,1.0,0,0.0,0.0,0,0
33.05,1.0,0,0.0,0.0,0,0
33.06,1.0,0,0.0,0.0,0,0
33.07,1.0,0,0.0,0.0,0,0
33.08,1.0,0,0.0,0.0,0,0
33.09,1.0,0,0.0,0.0,0,0
33.1,1.0,0,0.0,0.0,0,0
33.11,1.0,0,0.0,0.0,0,0
33.12,1.0,0,0.0,0.0,0,0
33.13,1.0,0,0.0,0.0,0,0
33.14,1.0,0,0.0,0.0,0,0
33.15,1.0,0,0.0,0.0,0,0
33.16,1.0,0,0.0,0.0,0,0
33.17,1.0,0,0.0,0.0,0,0
33.18,1.0,0,0.0,0.0,0,0
33.19,1.0,0,0.0,0.0,0,0
33.2,1.0,0,0.0,0.0,0,0
33.21,1.0,0,0.0,0.0,0,0
33.22,1.0,0,0.0,0.0,0,0
33.23,1.0,0,0.0,0.0,0,0
33.24,1.0,0,0.0,0.0,0,0
33.25,1.0,0,0.0,0.0,0,0
33.26,1.0,0,0.0,0.0,0,0
33.27,1.0,0,0.0,0.0,0,0
33.28,1.0,0,0.0,0.0,0,0
33.29,1.0,0,0.0,0.0,0,0
33.3,1.0,0,0.0,0.0,0,0
33.31,1.0,0,0.0,0.0,0,0
33.32,1.0,0,0.0,0.0,0,0
33.33,1.0,0,0.0,0.0,0,0
33.34,1.0,0,0.0,0.0,0,0
33.35,1.0,0,0.0,0.0,0,0
33.36,1.0,0,0.0,0.0,0,0
33.37,1.0,0,0.0,0.0,0,0
33.38,1.0,0,0.0,0.0,0,0
33.39,1.0,0,0.0,0.0,0,0
33.4,1.0,0,0.0,0.0,0,0
33.41,1.0,0,0.0,0.0,0,0
33.42,1.0,0,0.0,0.0,0,0
33.43,1.0,0,0.0,0.0,0,0
33.44,1.0,0,0.0,0.0,0,0
33.45,1.0,0,0.0,0.0,0,0
33.46,1.0,0,0.0,0.0,0,0
33.47,1.0,0,0.0,0.0,0,0
33.48,1.0,0,0.0,0.0,0,0
33.49,1.0,0,0.0,0.0,0,0
33.5,1.0,0,0.0,0.0,0,0
33.51,1.0,0,0.0,0.0,0,0
33.52,1.0,0,0.0,0.0,0,0
33.53,1.0,0,0.0,0.0,0,0
33.54,1.0,0,0.0,0.0,0,0
33.55,1.0,0,0.0,0.0,0,0
33.56,1.0,0,0.0,0.0,0,0
33.57,1.0,0,0.0,0.0,0,0
33.58,1.0,0,0.0,0.0,0,0
33.59,1.0,0,0.0,0.0,0,0
33.6,1.0,0,0.0,0.0,0,0
33.61,1.0,0,0.0,0.0,0,0
33.62,1.0,0,0.0,0.0,0,0
33.63,1.0,0,0.0,0.0,0,0
33.64,1.0,0,0.0,0.0,0,0
33.65,1.0,0,0.0,0.0,0,0
33.66,1.0,0,0.0,0.0,0,0
33.67,1.0,0,0.0,0.0,0,0
33.68,1.0,0,0.0,0.0,0,0
33.69,1.0,0,0.0,0.0,0,0
33.7,1.0,0,0.0,0.0,0,0
33.71,1.0,0,0.0,0.0,0,0
33.72,1.0,0,0.0,0.0,0,0
33.73,1.0,0,0.0,0.0,0,0
33.74,1.0,0,0.0,0.0,0,0
33.75,1.0,0,0.0,0.0,0,0
33.76,1.0,0,0.0,0.0,0,0
33.77,1.0,0,0.0,0.0,0,0
33.78,1.0,0,0.0,0.0,0,0
33.79,1.0,0,0.0,0.0,0,0
33.8,1.0,0,0.0,0.0,0,0
33.81,1.0,0,0.0,0.0,0,0
33.82,1.0,0,0.0,0.0,0,0
33.83,1.0,0,0.0,0.0,0,0
33.84,1.0,0,0.0,0.0,0,0
33.85,1.0,0,0.0,0.0,0,0
33.86,1.0,0,0.0,0.0,0,0
33.87,1.0,0,0.0,0.0,0,0
33.88,1.0,0,0.0,0.0,0,0
33.89,1.0,0,0.0,0.0,0,0
33.9,1.0,0,0.0,0.0,0,0
33.91,1.0,0,0.0,0.0,0,0
33.92,1.0,0,0.0,0.0,0,0
33.93,1.0,0,0.0,0.0,0,0
33.94,1.0,0,0.0,0.0,0,0
33.95,1.0,0,0.0,0.0,0,0
33.96,1.0,0,0.0,0.0,0,0
33.97,1.0,0,0.0,0.0,0,0
33.98,1.0,0,0.0,0.0,0,0
33.99,1.0,0,0.0,0.0,0,0
34.0,1.0,0,0.0,0.0,0,0
34.01,1.0,0,0.0,0.0,0,0
34.02,1.0,0,0.0,0.0,0,0
34.03,1.0,0,0.0,0.0,0,0
34.04,1.0,0,0.0,0.0,0,0
34.05,1.0,0,0.0,0.0,0,0
34.06,1.0,0,0.0,0.0,0,0
34.07,1.0,0,0.0,0.0,0,0
34.08,1.0,0,0.0,0.0,0,0
34.09,1.0,0,0.0,0.0,0,0
34.1,1.0,0,0.0,0.0,0,0
34.11,1.0,0,0.0,0.0,0,0
34.12,1.0,0,0.0,0.0,0,0
34.13,1.0,0,0.0,0.0,0,0
34.14,1.0,0,0.0,0.0,0,0
34.15,1.0,0,0.0,0.0,0,0
34.16,1.0,0,0.0,0.0,0,0
34.17,1.0,0,0.0,0.0,0,0
34.18,1.0,0,0.0,0.0,0,0
34.19,1.0,0,0.0,0.0,0,0
34.2,1.0,0,0.0,0.0,0,0
34.21,1.0,0,0.0,0.0,0,0
34.22,1.0,0,0.0,0.0,0,0
34.23,1.0,0,0.0,0.0,0,0
34.24,1.0,0,0.0,0.0,0,0
34.25,1.0,0,0.0,0.0,0,0
34.26,1.0,0,0.0,0.0,0,0
34.27,1.0,0,0.0,0.0,0,0
34.28,1.0,0,0.0,0.0,0,0
34.29,1.0,0,0.0,0.0,0,0
34.3,1.0,0,0.0,0.0,0,0
34.31,1.0,0,0.0,0.0,0,0
34.32,1.0,0,0.0,0.0,0,0
34.33,1.0,0,0.0,0.0,0,0
34.34,1.0,0,0.0,0.0,0,0
34.35,1.0,0,0.0,0.0,0,0
34.36,1.0,0,0.0,0.0,0,0
34.37,1.0,0,0.0,0.0,0,0
34.38,1.0,0,0.0,0.0,0,0
34.39,1.0,0,0.0,0.0,0,0
34.4,1.0,0,0.0,0.0,0,0
34.41,1.0,0,0.0,0.0,0,0
34.42,1.0,0,0.0,0.0,0,0
34.43,1.0,0,0.0,0.0,0,0
34.44,1.0,0,0.0,0.0,0,0
34.45,1.0,0,0.0,0.0,0,0
34.46,1.0,0,0.0,0.0,0,0
34.47,1.0,0,0.0,0.0,0,0
34.48,1.0,0,0.0,0.0,0,0
34.49,1.0,0,0.0,0.0,0,0
34.5,1.0,0,0.0,0.0,0,0
34.51,1.0,0,0.0,0.0,0,0
34.52,1.0,0,0.0,0.0,0,0
34.53,1.0,0,0.0,0.0,0,0
34.54,1.0,0,0.0,0.0,0,0
34.55,1.0,0,0.0,0.0,0,0
34.56,1.0,0,0.0,0.0,0,0
34.57,1.0,0,0.0,0.0,0,0
34.58,1.0,0,0.0,0.0,0,0
34.59,1.0,0,0.0,0.0,0,0
34.6,1.0,0,0.0,0.0,0,0
34.61,1.0,0,0.0,0.0,0,0
34.62,1.0,0,0.0,0.0,0,0
34.63,1.0,0,0.0,0.0,0,0
34.64,1.0,0,0.0,0.0,0,0
34.65,1.0,0,0.0,0.0,0,0
34.66,1.0,0,0.0,0.0,0,0
34.67,1.0,0,0.0,0.0,0,0
34.68,1.0,0,0.0,0.0,0,0
34.69,1.0,0,0.0,0.0,0,0
34.7,1.0,0,0.0,0.0,0,0
34.71,1.0,0,0.0,0.0,0,0
34.72,1.0,0,0.0,0.0,0,0
34.73,1.0,0,0.0,0.0,0,0
34.74,1.0,0,0.0,0.0,0,0
34.75,1.0,0,0.0,0.0,0,0
34.76,1.0,0,0.0,0.0,0,0
34.77,1.0,0,0.0,0.0,0,0
34.78,1.0,0,0.0,0.0,0,0
34.79,1.0,0,0.0,0.0,0,0
34.8,1.0,0,0.0,0.0,0,0
34.81,1.0,0,0.0,0.0,0,0
34.82,1.0,0,0.0,0.0,0,0
34.83,1.0,0,0.0,0.0,0,0
34.84,1.0,0,0.0,0.0,0,0
34.85,1.0,0,0.0,0.0,0,0
34.86,1.0,0,0.0,0.0,0,0
34.87,1.0,0,0.0,0.0,0,0
34.88,1.0,0,0.0,0.0,0,0
34.89,1.0,0,0.0,0.0,0,0
34.9,1.0,0,0.0,0.0,0,0
34.91,1.0,0,0.0,0.0,0,0
34.92,1.0,0,0.0,0.0,0,0
34.93,1.0,0,0.0,0.0,0,0
34.94,1.0,0,0.0,0.0,0,0
34.95,1.0,0,0.0,0.0,0,0
34.96,1.0,0,0.0,0.0,0,0
34.97,1.0,0,0.0,0.0,0,0
34.98,1.0,0,0.0,0.0,0,0
34.99,1.0,0,0.0,0.0,0,0
35.0,1.0,0,0.0,0.0,0,0
35.01,1.0,0,0.0,0.0,0,0
35.02,1.0,0,0.0,0.0,0,0
35.03,1.0,0,0.0,0.0,0,0
35.04,1.0,0,0.0,0.0,0,0
35.05,1.0,0,0.0,0.0,0,0
35.06,1.0,0,0.0,0.0,0,0
35.07,1.0,0,0.0,0.0,0,0
35.08,1.0,0,0.0,0.0,0,0
35.09,1.0,0,0.0,0.0,0,0
35.1,1.0,0,0.0,0.0,0,0
35.11,1.0,0,0.0,0.0,0,0
35.12,1.0,0,0.0,0.0,0,0
35.13,1.0,0,0.0,0.0,0,0
35.14,1.0,0,0.0,0.0,0,0
35.15,1.0,0,0.0,0.0,0,0
35.16,1.0,0,0.0,0.0,0,0
35.17,1.0,0,0.0,0.0,0,0
35.18,1.0,0,0.0,0.0,0,0
35.19,1.0,0,0.0,0.0,0,0
35.2,1.0,0,0.0,0.0,0,0
35.21,1.0,0,0.0,0.0,0,0
35.22,1.0,0,0.0,0.0,0,0
35.23,1.0,0,0.0,0.0,0,0
35.24,1.0,0,0.0,0.0,0,0
35.25,1.0,0,0.0,0.0,0,0
35.26,1.0,0,0.0,0.0,0,0
35.27,1.0,0,0.0,0.0,0,0
35.28,1.0,0,0.0,0.0,0,0
35.29,1.0,0,0.0,0.0,0,0
35.3,1.0,0,0.0,0.0,0,0
35.31,1.0,0,0.0,0.0,0,0
35.32,1.0,0,0.0,0.0,0,0
35.33,1.0,0,0.0,0.0,0,0
35.34,1.0,0,0.0,0.0,0,0
35.35,1.0,0,0.0,0.0,0,0
35.36,1.0,0,0.0,0.0,0,0
35.37,1.0,0,0.0,0.0,0,0
35.38,1.0,0,0.0,0.0,0,0
35.39,1.0,0,0.0,0.0,0,0
35.4,1.0,0,0.0,0.0,0,0
35.41,1.0,0,0.0,0.0,0,0
35.42,1.0,0,0.0,0.0,0,0
35.43,1.0,0,0.0,0.0,0,0
35.44,1.0,0,0.0,0.0,0,0
35.45,1.0,0,0.0,0.0,0,0
35.46,1.0,0,0.0,0.0,0,0
35.47,1.0,0,0.0,0.0,0,0
35.48,1.0,0,0.0,0.0,0,0
35.49,1.0,0,0.0,0.0,0,0
35.5,1.0,0,0.0,0.0,0,0
35.51,1.0,0,0.0,0.0,0,0
35.52,1.0,0,0.0,0.0,0,0
35.53,1.0,0,0.0,0.0,0,0
35.54,1.0,0,0.0,0.0,0,0
35.55,1.0,0,0.0,0.0,0,0
35.56,1.0,0,0.0,0.0,0,0
35.57,1.0,0,0.0,0.0,0,0
35.58,1.0,0,0.0,0.0,0,0
35.59,1.0,0,0.0,0.0,0,0
35.6,1.0,0,0.0,0.0,0,0
35.61,1.0,0,0.0,0.0,0,0
35.62,1.0,0,0.0,0.0,0,0
35.63,1.0,0,0.0,0.0,0,0
35.64,1.0,0,0.0,0.0,0,0
35.65,1.0,0,0.0,0.0,0,0
35.66,1.0,0,0.0,0.0,0,0
35.67,1.0,0,0.0,0.0,0,0
35.68,1.0,0,0.0,0.0,0,0
35.69,1.0,0,0.0,0.0,0,0
35.7,1.0,0,0.0,0.0,0,0
35.71,1.0,0,0.0,0.0,0,0
35.72,1.0,0,0.0,0.0,0,0
35.73,1.0,0,0.0,0.0,0,0
35.74,1.0,0,0.0,0.0,0,0
35.75,1.0,0,0.0,0.0,0,0
35.76,1.0,0,0.0,0.0,0,0
35.77,1.0,0,0.0,0.0,0,0
35.78,1.0,0,0.0,0.0,0,0
35.79,1.0,0,0.0,0.0,0,0
35.8,1.0,0,0.0,0.0,0,0
35.81,1.0,0,0.0,0.0,0,0
35.82,1.0,0,0.0,0.0,0,0
35.83,1.0,0,0.0,0.0,0,0
35.84,1.0,0,0.0,0.0,0,0
35.85,1.0,0,0.0,0.0,0,0
35.86,1.0,0,0.0,0.0,0,0
35.87,1.0,0,0.0,0.0,0,0
35.88,1.0,0,0.0,0.0,0,0
35.89,1.0,0,0.0,0.0,0,0
35.9,1.0,0,0.0,0.0,0,0
35.91,1.0,0,0.0,0.0,0,0
35.92,1.0,0,0.0,0.0,0,0
35.93,1.0,0,0.0,0.0,0,0
35.94,1.0,0,0.0,0.0,0,0
35.95,1.0,0,0.0,0.0,0,0
35.96,1.0,0,0.0,0.0,0,0
35.97,1.0,0,0.0,0.0,0,0
35.98,1.0,0,0.0,0.0,0,0
35.99,1.0,0,0.0,0.0,0,0
36.0,1.0,0,0.0,0.0,0,0
36.01,1.0,0,0.0,0.0,0,0
36.02,1.0,0,0.0,0.0,0,0
36.03,1.0,0,0.0,0.0,0,0
36.04,1.0,0,0.0,0.0,0,0
36.05,1.0,0,0.0,0.0,0,0
36.06,1.0,0,0.0,0.0,0,0
36.07,1.0,0,0.0,0.0,0,0
36.08,1.0,0,0.0,0.0,0,0
36.09,1.0,0,0.0,0.0,0,0
36.1,1.0,0,0.0,0.0,0,0
36.11,1.0,0,0.0,0.0,0,0
36.12,1.0,0,0.0,0.0,0,0
36.13,1.0,0,0.0,0.0,0,0
36.14,1.0,0,0.0,0.0,0,0
36.15,1.0,0,0.0,0.0,0,0
36.16,1.0,0,0.0,0.0,0,0
36.17,1.0,0,0.0,0.0,0,0
36.18,1.0,0,0.0,0.0,0,0
36.19,1.0,0,0.0,0.0,0,0
36.2,1.0,0,0.0,0.0,0,0
36.21,1.0,0,0.0,0.0,0,0
36.22,1.0,0,0.0,0.0,0,0
36.23,1.0,0,0.0,0.0,0,0
36.24,1.0,0,0.0,0.0,0,0
36.25,1.0,0,0.0,0.0,0,0
36.26,1.0,0,0.0,0.0,0,0
36.27,1.0,0,0.0,0.0,0,0
36.28,1.0,0,0.0,0.0,0,0
36.29,1.0,0,0.0,0.0,0,0
36.3,1.0,0,0.0,0.0,0,0
36.31,1.0,0,0.0,0.0,0,0
36.32,1.0,0,0.0,0.0,0,0
36.33,1.0,0,0.0,0.0,0,0
36.34,1.0,0,0.0,0.0,0,0
36.35,1.0,0,0.0,0.0,0,0
36.36,1.0,0,0.0,0.0,0,0
36.37,1.0,0,0.0,0.0,0,0
36.38,1.0,0,0.0,0.0,0,0
36.39,1.0,0,0.0,0.0,0,0
36.4,1.0,0,0.0,0.0,0,0
36.41,1.0,0,0.0,0.0,0,0
36.42,1.0,0,0.0,0.0,0,0
36.43,1.0,0,0.0,0.0,0,0
36.44,1.0,0,0.0,0.0,0,0
36.45,1.0,0,0.0,0.0,0,0
36.46,1.0,0,0.0,0.0,0,0
36.47,1.0,0,0.0,0.0,0,0
36.48,1.0,0,0.0,0.0,0,0
36.49,1.0,0,0.0,0.0,0,0
36.5,1.0,0,0.0,0.0,0,0
36.51,1.0,0,0.0,0.0,0,0
36.52,1.0,0,0.0,0.0,0,0
36.53,1.0,0,0.0,0.0,0,0
36.54,1.0,0,0.0,0.0,0,0
36.55,1.0,0,0.0,0.0,0,0
36.56,1.0,0,0.0,0.0,0,0
36.57,1.0,0,0.0,0.0,0,0
36.58,1.0,0,0.0,0.0,0,0
36.59,1.0,0,0.0,0.0,0,0
36.6,1.0,0,0.0,0.0,0,0
36.61,1.0,0,0.0,0.0,0,0
36.62,1.0,0,0.0,0.0,0,0
36.63,1.0,0,0.0,0.0,0,0
36.64,1.0,0,0.0,0.0,0,0
36.65,1.0,0,0.0,0.0,0,0
36.66,1.0,0,0.0,0.0,0,0
36.67,1.0,0,0.0,0.0,0,0
36.68,1.0,0,0.0,0.0,0,0
36.69,1.0,0,0.0,0.0,0,0
36.7,1.0,0,0.0,0.0,0,0
36.71,1.0,0,0.0,0.0,0,0
36.72,1.0,0,0.0,0.0,0,0
36.73,1.0,0,0.0,0.0,0,0
36.74,1.0,0,0.0,0.0,0,0
36.75,1.0,0,0.0,0.0,0,0
36.76,1.0,0,0.0,0.0,0,0
36.77,1.0,0,0.0,0.0,0,0
36.78,1.0,0,0.0,0.0,0,0
36.79,1.0,0,0.0,0.0,0,0
36.8,1.0,0,0.0,0.0,0,0
36.81,1.0,0,0.0,0.0,0,0
36.82,1.0,0,0.0,0.0,0,0
36.83,1.0,0,0.0,0.0,0,0
36.84,1.0,0,0.0,0.0,0,0
36.85,1.0,0,0.0,0.0,0,0
36.86,1.0,0,0.0,0.0,0,0
36.87,1.0,0,0.0,0.0,0,0
36.88,1.0,0,0.0,0.0,0,0
36.89,1.0,0,0.0,0.0,0,0
36.9,1.0,0,0.0,0.0,0,0
36.91,1.0,0,0.0,0.0,0,0
36.92,1.0,0,0.0,0.0,0,0
36.93,1.0,0,0.0,0.0,0,0
36.94,1.0,0,0.0,0.0,0,0
36.95,1.0,0,0.0,0.0,0,0
36.96,1.0,0,0.0,0.0,0,0
36.97,1.0,0,0.0,0.0,0,0
36.98,1.0,0,0.0,0.0,0,0
36.99,1.0,0,0.0,0.0,0,0
37.0,1.0,0,0.0,0.0,0,0
37.01,1.0,0,0.0,0.0,0,0
37.02,1.0,0,0.0,0.0,0,0
37.03,1.0,0,0.0,0.0,0,0
37.04,1.0,0,0.0,0.0,0,0
37.05,1.0,0,0.0,0.0,0,0
37.06,1.0,0,0.0,0.0,0,0
37.07,1.0,0,0.0,0.0,0,0
37.08,1.0,0,0.0,0.0,0,0
37.09,1.0,0,0.0,0.0,0,0
37.1,1.0,0,0.0,0.0,0,0
37.11,1.0,0,0.0,0.0,0,0
37.12,1.0,0,0.0,0.0,0,0
37.13,1.0,0,0.0,0.0,0,0
37.14,1.0,0,0.0,0.0,0,0
37.15,1.0,0,0.0,0.0,0,0
37.16,1.0,0,0.0,0.0,0,0
37.17,1.0,0,0.0,0.0,0,0
37.18,1.0,0,0.0,0.0,0,0
37.19,1.0,0,0.0,0.0,0,0
37.2,1.0,0,0.0,0.0,0,0
37.21,1.0,0,0.0,0.0,0,0
37.22,1.0,0,0.0,0.0,0,0
37.23,1.0,0,0.0,0.0,0,0
37.24,1.0,0,0.0,0.0,0,0
37.25,1.0,0,0.0,0.0,0,0
37.26,1.0,0,0.0,0.0,0,0
37.27,1.0,0,0.0,0.0,0,0
37.28,1.0,0,0.0,0.0,0,0
37.29,1.0,0,0.0,0.0,0,0
37.3,1.0,0,0.0,0.0,0,0
37.31,1.0,0,0.0,0.0,0,0
37.32,1.0,0,0.0,0.0,0,0
37.33,1.0,0,0.0,0.0,0,0
37.34,1.0,0,0.0,0.0,0,0
37.35,1.0,0,0.0,0.0,0,0
37.36,1.0,0,0.0,0.0,0,0
37.37,1.0,0,0.0,0.0,0,0
37.38,1.0,0,0.0,0.0,0,0
37.39,1.0,0,0.0,0.0,0,0
37.4,1.0,0,0.0,0.0,0,0
37.41,1.0,0,0.0,0.0,0,0
37.42,1.0,0,0.0,0.0,0,0
37.43,1.0,0,0.0,0.0,0,0
37.44,1.0,0,0.0,0.0,0,0
37.45,1.0,0,0.0,0.0,0,0
37.46,1.0,0,0.0,0.0,0,0
37.47,1.0,0,0.0,0.0,0,0
37.48,1.0,0,0.0,0.0,0,0
37.49,1.0,0,0.0,0.0,0,0
37.5,1.0,0,0.0,0.0,0,0
37.51,1.0,0,0.0,0.0,0,0
37.52,1.0,0,0.0,0.0,0,0
37.53,1.0,0,0.0,0.0,0,0
37.54,1.0,0,0.0,0.0,0,0
37.55,1.0,0,0.0,0.0,0,0
37.56,1.0,0,0.0,0.0,0,0
37.57,1.0,0,0.0,0.0,0,0
37.58,1.0,0,0.0,0.0,0,0
37.59,1.0,0,0.0,0.0,0,0
37.6,1.0,0,0.0,0.0,0,0
37.61,1.0,0,0.0,0.0,0,0
37.62,1.0,0,0.0,0.0,0,0
37.63,1.0,0,0.0,0.0,0,0
37.64,1.0,0,0.0,0.0,0,0
37.65,1.0,0,0.0,0.0,0,0
37.66,1.0,0,0.0,0.0,0,0
37.67,1.0,0,0.0,0.0,0,0
37.68,1.0,0,0.0,0.0,0,0
37.69,1.0,0,0.0,0.0,0,0
37.7,1.0,0,0.0,0.0,0,0
37.71,1.0,0,0.0,0.0,0,0
37.72,1.0,0,0.0,0.0,0,0
37.73,1.0,0,0.0,0.0,0,0
37.74,1.0,0,0.0,0.0,0,0
37.75,1.0,0,0.0,0.0,0,0
37.76,1.0,0,0.0,0.0,0,0
37.77,1.0,0,0.0,0.0,0,0
37.78,1.0,0,0.0,0.0,0,0
37.79,1.0,0,0.0,0.0,0,0
37.8,1.0,0,0.0,0.0,0,0
37.81,1.0,0,0.0,0.0,0,0
37.82,1.0,0,0.0,0.0,0,0
37.83,1.0,0,0.0,0.0,0,0
37.84,1.0,0,0.0,0.0,0,0
37.85,1.0,0,0.0,0.0,0,0
37.86,1.0,0,0.0,0.0,0,0
37.87,1.0,0,0.0,0.0,0,0
37.88,1.0,0,0.0,0.0,0,0
37.89,1.0,0,0.0,0.0,0,0
37.9,1.0,0,0.0,0.0,0,0
37.91,1.0,0,0.0,0.0,0,0
37.92,1.0,0,0.0,0.0,0,0
37.93,1.0,0,0.0,0.0,0,0
37.94,1.0,0,0.0,0.0,0,0
37.95,1.0,0,0.0,0.0,0,0
37.96,1.0,0,0.0,0.0,0,0
37.97,1.0,0,0.0,0.0,0,0
37.98,1.0,0,0.0,0.0,0,0
37.99,1.0,0,0.0,0.0,0,0
38.0,1.0,0,0.0,0.0,0,0
38.01,1.0,0,0.0,0.0,0,0
38.02,1.0,0,0.0,0.0,0,0
38.03,1.0,0,0.0,0.0,0,0
38.04,1.0,0,0.0,0.0,0,0
38.05,1.0,0,0.0,0.0,0,0
38.06,1.0,0,0.0,0.0,0,0
38.07,1.0,0,0.0,0.0,0,0
38.08,1.0,0,0.0,0.0,0,0
38.09,1.0,0,0.0,0.0,0,0
38.1,1.0,0,0.0,0.0,0,0
38.11,1.0,0,0.0,0.0,0,0
38.12,1.0,0,0.0,0.0,0,0
38.13,1.0,0,0.0,0.0,0,0
38.14,1.0,0,0.0,0.0,0,0
38.15,1.0,0,0.0,0.0,0,0
38.16,1.0,0,0.0,0.0,0,0
38.17,1.0,0,0.0,0.0,0,0
38.18,1.0,0,0.0,0.0,0,0
38.19,1.0,0,0.0,0.0,0,0
38.2,1.0,0,0.0,0.0,0,0
38.21,1.0,0,0.0,0.0,0,0
38.22,1.0,0,0.0,0.0,0,0
38.23,1.0,0,0.0,0.0,0,0
38.24,1.0,0,0.0,0.0,0,0
38.25,1.0,0,0.0,0.0,0,0
38.26,1.0,0,0.0,0.0,0,0
38.27,1.0,0,0.0,0.0,0,0
38.28,1.0,0,0.0,0.0,0,0
38.29,1.0,0,0.0,0.0,0,0
38.3,1.0,0,0.0,0.0,0,0
38.31,1.0,0,0.0,0.0,0,0
38.32,1.0,0,0.0,0.0,0,0
38.33,1.0,0,0.0,0.0,0,0
38.34,1.0,0,0.0,0.0,0,0
38.35,1.0,0,0.0,0.0,0,0
38.36,1.0,0,0.0,0.0,0,0
38.37,1.0,0,0.0,0.0,0,0
38.38,1.0,0,0.0,0.0,0,0
38.39,1.0,0,0.0,0.0,0,0
38.4,1.0,0,0.0,0.0,0,0
38.41,1.0,0,0.0,0.0,0,0
38.42,1.0,0,0.0,0.0,0,0
38.43,1.0,0,0.0,0.0,0,0
38.44,1.0,0,0.0,0.0,0,0
38.45,1.0,0,0.0,0.0,0,0
38.46,1.0,0,0.0,0.0,0,0
38.47,1.0,0,0.0,0.0,0,0
38.48,1.0,0,0.0,0.0,0,0
38.49,1.0,0,0.0,0.0,0,0
38.5,1.0,0,0.0,0.0,0,0
38.51,1.0,0,0.0,0.0,0,0
38.52,1.0,0,0.0,0.0,0,0
38.53,1.0,0,0.0,0.0,0,0
38.54,1.0,0,0.0,0.0,0,0
38.55,1.0,0,0.0,0.0,0,0
38.56,1.0,0,0.0,0.0,0,0
38.57,1.0,0,0.0,0.0,0,0
38.58,1.0,0,0.0,0.0,0,0
38.59,1.0,0,0.0,0.0,0,0
38.6,1.0,0,0.0,0.0,0,0
38.61,1.0,0,0.0,0.0,0,0
38.62,1.0,0,0.0,0.0,0,0
38.63,1.0,0,0.0,0.0,0,0
38.64,1.0,0,0.0,0.0,0,0
38.65,1.0,0,0.0,0.0,0,0
38.66,1.0,0,0.0,0.0,0,0
38.67,1.0,0,0.0,0.0,0,0
38.68,1.0,0,0.0,0.0,0,0
38.69,1.0,0,0.0,0.0,0,0
38.7,1.0,0,0.0,0.0,0,0
38.71,1.0,0,0.0,0.0,0,0
38.72,1.0,0,0.0,0.0,0,0
38.73,1.0,0,0.0,0.0,0,0
38.74,1.0,0,0.0,0.0,0,0
38.75,1.0,0,0.0,0.0,0,0
38.76,1.0,0,0.0,0.0,0,0
38.77,1.0,0,0.0,0.0,0,0
38.78,1.0,0,0.0,0.0,0,0
38.79,1.0,0,0.0,0.0,0,0
38.8,1.0,0,0.0,0.0,0,0
38.81,1.0,0,0.0,0.0,0,0
38.82,1.0,0,0.0,0.0,0,0
38.83,1.0,0,0.0,0.0,0,0
38.84,1.0,0,0.0,0.0,0,0
38.85,1.0,0,0.0,0.0,0,0
38.86,1.0,0,0.0,0.0,0,0
38.87,1.0,0,0.0,0.0,0,0
38.88,1.0,0,0.0,0.0,0,0
38.89,1.0,0,0.0,0.0,0,0
38.9,1.0,0,0.0,0.0,0,0
38.91,1.0,0,0.0,0.0,0,0
38.92,1.0,0,0.0,0.0,0,0
38.93,1.0,0,0.0,0.0,0,0
38.94,1.0,0,0.0,0.0,0,0
38.95,1.0,0,0.0,0.0,0,0
38.96,1.0,0,0.0,0.0,0,0
38.97,1.0,0,0.0,0.0,0,0
38.98,1.0,0,0.0,0.0,0,0
38.99,1.0,0,0.0,0.0,0,0
39.0,1.0,0,0.0,0.0,0,0
39.01,1.0,0,0.0,0.0,0,0
39.02,1.0,0,0.0,0.0,0,0
39.03,1.0,0,0.0,0.0,0,0
39.04,1.0,0,0.0,0.0,0,0
39.05,1.0,0,0.0,0.0,0,0
39.06,1.0,0,0.0,0.0,0,0
39.07,1.0,0,0.0,0.0,0,0
39.08,1.0,0,0.0,0.0,0,0
39.09,1.0,0,0.0,0.0,0,0
39.1,1.0,0,0.0,0.0,0,0
39.11,1.0,0,0.0,0.0,0,0
39.12,1.0,0,0.0,0.0,0,0
39.13,1.0,0,0.0,0.0,0,0
39.14,1.0,0,0.0,0.0,0,0
39.15,1.0,0,0.0,0.0,0,0
39.16,1.0,0,0.0,0.0,0,0
39.17,1.0,0,0.0,0.0,0,0
39.18,1.0,0,0.0,0.0,0,0
39.19,1.0,0,0.0,0.0,0,0
39.2,1.0,0,0.0,0.0,0,0
39.21,1.0,0,0.0,0.0,0,0
39.22,1.0,0,0.0,0.0,0,0
39.23,1.0,0,0.0,0.0,0,0
39.24,1.0,0,0.0,0.0,0,0
39.25,1.0,0,0.0,0.0,0,0
39.26,1.0,0,0.0,0.0,0,0
39.27,1.0,0,0.0,0.0,0,0
39.28,1.0,0,0.0,0.0,0,0
39.29,1.0,0,0.0,0.0,0,0
39.3,1.0,0,0.0,0.0,0,0
39.31,1.0,0,0.0,0.0,0,0
39.32,1.0,0,0.0,0.0,0,0
39.33,1.0,0,0.0,0.0,0,0
39.34,1.0,0,0.0,0.0,0,0
39.35,1.0,0,0.0,0.0,0,0
39.36,1.0,0,0.0,0.0,0,0
39.37,1.0,0,0.0,0.0,0,0
39.38,1.0,0,0.0,0.0,0,0
39.39,1.0,0,0.0,0.0,0,0
39.4,1.0,0,0.0,0.0,0,0
39.41,1.0,0,0.0,0.0,0,0
39.42,1.0,0,0.0,0.0,0,0
39.43,1.0,0,0.0,0.0,0,0
39.44,1.0,0,0.0,0.0,0,0
39.45,1.0,0,0.0,0.0,0,0
39.46,1.0,0,0.0,0.0,0,0
39.47,1.0,0,0.0,0.0,0,0
39.48,1.0,0,0.0,0.0,0,0
39.49,1.0,0,0.0,0.0,0,0
39.5,1.0,0,0.0,0.0,0,0
39.51,1.0,0,0.0,0.0,0,0
39.52,1.0,0,0.0,0.0,0,0
39.53,1.0,0,0.0,0.0,0,0
39.54,1.0,0,0.0,0.0,0,0
39.55,1.0,0,0.0,0.0,0,0
39.56,1.0,0,0.0,0.0,0,0
39.57,1.0,0,0.0,0.0,0,0
39.58,1.0,0,0.0,0.0,0,0
39.59,1.0,0,0.0,0.0,0,0
39.6,1.0,0,0.0,0.0,0,0
39.61,1.0,0,0.0,0.0,0,0
39.62,1.0,0,0.0,0.0,0,0
39.63,1.0,0,0.0,0.0,0,0
39.64,1.0,0,0.0,0.0,0,0
39.65,1.0,0,0.0,0.0,0,0
39.66,1.0,0,0.0,0.0,0,0
39.67,1.0,0,0.0,0.0,0,0
39.68,1.0,0,0.0,0.0,0,0
39.69,1.0,0,0.0,0.0,0,0
39.7,1.0,0,0.0,0.0,0,0
39.71,1.0,0,0.0,0.0,0,0
39.72,1.0,0,0.0,0.0,0,0
39.73,1.0,0,0.0,0.0,0,0
39.74,1.0,0,0.0,0.0,0,0
39.75,1.0,0,0.0,0.0,0,0
39.76,1.0,0,0.0,0.0,0,0
39.77,1.0,0,0.0,0.0,0,0
39.78,1.0,0,0.0,0.0,0,0
39.79,1.0,0,0.0,0.0,0,0
39.8,1.0,0,0.0,0.0,0,0
39.81,1.0,0,0.0,0.0,0,0
39.82,1.0,0,0.0,0.0,0,0
39.83,1.0,0,0.0,0.0,0,0
39.84,1.0,0,0.0,0.0,0,0
39.85,1.0,0,0.0,0.0,0,0
39.86,1.0,0,0.0,0.0,0,0
39.87,1.0,0,0.0,0.0,0,0
39.88,1.0,0,0.0,0.0,0,0
39.89,1.0,0,0.0,0.0,0,0
39.9,1.0,0,0.0,0.0,0,0
39.91,1.0,0,0.0,0.0,0,0
39.92,1.0,0,0.0,0.0,0,0
39.93,1.0,0,0.0,0.0,0,0
39.94,1.0,0,0.0,0.0,0,0
39.95,1.0,0,0.0,0.0,0,0
39.96,1.0,0,0.0,0.0,0,0
39.97,1.0,0,0.0,0.0,0,0
39.98,1.0,0,0.0,0.0,0,0
39.99,1.0,0,0.0,0.0,0,0
40.0,1.0,0,0.0,0.0,0,0
40.01,1.0,0,0.0,0.0,0,0
40.02,1.0,0,0.0,0.0,0,0
40.03,1.0,0,0.0,0.0,0,0
40.04,1.0,0,0.0,0.0,0,0
40.05,1.0,0,0.0,0.0,0,0
40.06,1.0,0,0.0,0.0,0,0
40.07,1.0,0,0.0,0.0,0,0
40.08,1.0,0,0.0,0.0,0,0
40.09,1.0,0,0.0,0.0,0,0
40.1,1.0,0,0.0,0.0,0,0
40.11,1.0,0,0.0,0.0,0,0
40.12,1.0,0,0.0,0.0,0,0
40.13,1.0,0,0.0,0.0,0,0
40.14,1.0,0,0.0,0.0,0,0
40.15,1.0,0,0.0,0.0,0,0
40.16,1.0,0,0.0,0.0,0,0
40.17,1.0,0,0.0,0.0,0,0
40.18,1.0,0,0.0,0.0,0,0
40.19,1.0,0,0.0,0.0,0,0
40.2,1.0,0,0.0,0.0,0,0
40.21,1.0,0,0.0,0.0,0,0
40.22,1.0,0,0.0,0.0,0,0
40.23,1.0,0,0.0,0.0,0,0
40.24,1.0,0,0.0,0.0,0,0
40.25,1.0,0,0.0,0.0,0,0
40.26,1.0,0,0.0,0.0,0,0
40.27,1.0,0,0.0,0.0,0,0
40.28,1.0,0,0.0,0.0,0,0
40.29,1.0,0,0.0,0.0,0,0
40.3,1.0,0,0.0,0.0,0,0
40.31,1.0,0,0.0,0.0,0,0
40.32,1.0,0,0.0,0.0,0,0
40.33,1.0,0,0.0,0.0,0,0
40.34,1.0,0,0.0,0.0,0,0
40.35,1.0,0,0.0,0.0,0,0
40.36,1.0,0,0.0,0.0,0,0
40.37,1.0,0,0.0,0.0,0,0
40.38,1.0,0,0.0,0.0,0,0
40.39,1.0,0,0.0,0.0,0,0
40.4,1.0,0,0.0,0.0,0,0
40.41,1.0,0,0.0,0.0,0,0
40.42,1.0,0,0.0,0.0,0,0
40.43,1.0,0,0.0,0.0,0,0
40.44,1.0,0,0.0,0.0,0,0
40.45,1.0,0,0.0,0.0,0,0
40.46,1.0,0,0.0,0.0,0,0
40.47,1.0,0,0.0,0.0,0,0
40.48,1.0,0,0.0,0.0,0,0
40.49,1.0,0,0.0,0.0,0,0
40.5,1.0,0,0.0,0.0,0,0
40.51,1.0,0,0.0,0.0,0,0
40.52,1.0,0,0.0,0.0,0,0
40.53,1.0,0,0.0,0.0,0,0
40.54,1.0,0,0.0,0.0,0,0
40.55,1.0,0,0.0,0.0,0,0
40.56,1.0,0,0.0,0.0,0,0
40.57,1.0,0,0.0,0.0,0,0
40.58,1.0,0,0.0,0.0,0,0
40.59,1.0,0,0.0,0.0,0,0
40.6,1.0,0,0.0,0.0,0,0
40.61,1.0,0,0.0,0.0,0,0
40.62,1.0,0,0.0,0.0,0,0
40.63,1.0,0,0.0,0.0,0,0
40.64,1.0,0,0.0,0.0,0,0
40.65,1.0,0,0.0,0.0,0,0
40.66,1.0,0,0.0,0.0,0,0
40.67,1.0,0,0.0,0.0,0,0
40.68,1.0,0,0.0,0.0,0,0
40.69,1.0,0,0.0,0.0,0,0
40.7,1.0,0,0.0,0.0,0,0
40.71,1.0,0,0.0,0.0,0,0
40.72,1.0,0,0.0,0.0,0,0
40.73,1.0,0,0.0,0.0,0,0
40.74,1.0,0,0.0,0.0,0,0
40.75,1.0,0,0.0,0.0,0,0
40.76,1.0,0,0.0,0.0,0,0
40.77,1.0,0,0.0,0.0,0,0
40.78,1.0,0,0.0,0.0,0,0
40.79,1.0,0,0.0,0.0,0,0
40.8,1.0,0,0.0,0.0,0,0
40.81,1.0,0,0.0,0.0,0,0
40.82,1.0,0,0.0,0.0,0,0
40.83,1.0,0,0.0,0.0,0,0
40.84,1.0,0,0.0,0.0,0,0
40.85,1.0,0,0.0,0.0,0,0
40.86,1.0,0,0.0,0.0,0,0
40.87,1.0,0,0.0,0.0,0,0
40.88,1.0,0,0.0,0.0,0,0
40.89,1.0,0,0.0,0.0,0,0
40.9,1.0,0,0.0,0.0,0,0
40.91,1.0,0,0.0,0.0,0,0
40.92,1.0,0,0.0,0.0,0,0
40.93,1.0,0,0.0,0.0,0,0
40.94,1.0,0,0.0,0.0,0,0
40.95,1.0,0,0.0,0.0,0,0
40.96,1.0,0,0.0,0.0,0,0
40.97,1.0,0,0.0,0.0,0,0
40.98,1.0,0,0.0,0.0,0,0
40.99,1.0,0,0.0,0.0,0,0
41.0,1.0,0,0.0,0.0,0,0
41.01,1.0,0,0.0,0.0,0,0
41.02,1.0,0,0.0,0.0,0,0
41.03,1.0,0,0.0,0.0,0,0
41.04,1.0,0,0.0,0.0,0,0
41.05,1.0,0,0.0,0.0,0,0
41.06,1.0,0,0.0,0.0,0,0
41.07,1.0,0,0.0,0.0,0,0
41.08,1.0,0,0.0,0.0,0,0
41.09,1.0,0,0.0,0.0,0,0
41.1,1.0,0,0.0,0.0,0,0
41.11,1.0,0,0.0,0.0,0,0
41.12,1.0,0,0.0,0.0,0,0
41.13,1.0,0,0.0,0.0,0,0
41.14,1.0,0,0.0,0.0,0,0
41.15,1.0,0,0.0,0.0,0,0
41.16,1.0,0,0.0,0.0,0,0
41.17,1.0,0,0.0,0.0,0,0
41.18,1.0,0,0.0,0.0,0,0
41.19,1.0,0,0.0,0.0,0,0
41.2,1.0,0,0.0,0.0,0,0
41.21,1.0,0,0.0,0.0,0,0
41.22,1.0,0,0.0,0.0,0,0
41.23,1.0,0,0.0,0.0,0,0
41.24,1.0,0,0.0,0.0,0,0
41.25,1.0,0,0.0,0.0,0,0
41.26,1.0,0,0.0,0.0,0,0
41.27,1.0,0,0.0,0.0,0,0
41.28,1.0,0,0.0,0.0,0,0
41.29,1.0,0,0.0,0.0,0,0
41.3,1.0,0,0.0,0.0,0,0
41.31,1.0,0,0.0,0.0,0,0
41.32,1.0,0,0.0,0.0,0,0
41.33,1.0,0,0.0,0.0,0,0
41.34,1.0,0,0.0,0.0,0,0
41.35,1.0,0,0.0,0.0,0,0
41.36,1.0,0,0.0,0.0,0,0
41.37,1.0,0,0.0,0.0,0,0
41.38,1.0,0,0.0,0.0,0,0
41.39,1.0,0,0.0,0.0,0,0
